Item name,Category,Size/Quantity,Price,ImageURL
Orbit Gents Wallet,CHOCOLATE,PACKS,5,https://source.unsplash.com/200x200/?Orbit+Gents+Wallet
V7 Pilot Pen,Other,N/A,0,https://source.unsplash.com/200x200/?V7+Pilot+Pen
IMIS Note LS 320 Unruled,STATIONARY,NUMBERS,120,https://source.unsplash.com/200x200/?IMIS+Note+LS+320+Unruled
Godrej Selfie Hair Colour,SELF CARE,PACKS,15,https://source.unsplash.com/200x200/?Godrej+Selfie+Hair+Colour
Reynolds Trimax Roller Pen,Other,N/A,0,https://source.unsplash.com/200x200/?Reynolds+Trimax+Roller+Pen
yellow rose brush,TOILETRIES,NUMBERS,45,https://source.unsplash.com/200x200/?yellow+rose+brush
50-50 62.8G 108 BAZOOKA PK,SNACKS,PACKS,10,https://source.unsplash.com/200x200/?50-50+62.8G+108+BAZOOKA+PK
50-50 MASKA CHASKA 38G 96 PK,SNACKS,PACKS,10,https://source.unsplash.com/200x200/?50-50+MASKA+CHASKA+38G+96+PK
classic Rs.10,BISCUITS,PIECES,10,https://source.unsplash.com/200x200/?classic+Rs.10
A2B BHUJIA 5rs,SNACKS,N/A,5,https://source.unsplash.com/200x200/?A2B+BHUJIA+5rs
A2B MIXTURE,SNACKS,PACKS,5,https://source.unsplash.com/200x200/?A2B+MIXTURE
A2B PEANUT,SNACKS,N/A,5,https://source.unsplash.com/200x200/?A2B+PEANUT
A4 leaf,STATIONARY,PIECES,5,https://source.unsplash.com/200x200/?A4+leaf
A4 sheets,STATIONARY,NUMBERS,1,https://source.unsplash.com/200x200/?A4+sheets
A4 Spiral 180 Pg R/UR 125/-,Other,N/A,0,https://source.unsplash.com/200x200/?A4+Spiral+180+Pg+R/UR+125/-
A4 Spiral 300 Pg- 5Sub-R/UR Rs.185,Other,NUMBERS,185,https://source.unsplash.com/200x200/?A4+Spiral+300+Pg-+5Sub-R/UR+Rs.185
A4 Spiral 400 Pg-5sub-R/UR Rs.240,Other,N/A,0,https://source.unsplash.com/200x200/?A4+Spiral+400+Pg-5sub-R/UR+Rs.240
A4 Spiral 500 Pg R - 270/-,Other,N/A,0,https://source.unsplash.com/200x200/?A4+Spiral+500+Pg+R+-+270/-
A5 Spiral 180Pgs R/UR 65/-,Other,N/A,0,https://source.unsplash.com/200x200/?A5+Spiral+180Pgs+R/UR+65/-
ALL OUT,ROOM ESSENTIALS,N/A,105,https://source.unsplash.com/200x200/?ALL+OUT
All out refil,ROOM ESSENTIALS,NUMBERS,89,https://source.unsplash.com/200x200/?All+out+refil
All out spray,SELF CARE,N/A,125,https://source.unsplash.com/200x200/?All+out+spray
ALMOND OIL 100ML 75,SELF CARE,BOTTLES,75,https://source.unsplash.com/200x200/?ALMOND+OIL+100ML+75
Amirthanjan Roll on,SELF CARE,NUMBERS,40,https://source.unsplash.com/200x200/?Amirthanjan+Roll+on
AMUL BELGIAN CHOCOLATE,CHOCOLATE,NUMBERS,180,https://source.unsplash.com/200x200/?AMUL+BELGIAN+CHOCOLATE
AMUL CHOCO CRACKER 180rs,CHOCOLATE,NUMBERS,180,https://source.unsplash.com/200x200/?AMUL+CHOCO+CRACKER+180rs
Amul dark chocolate 200rs,CHOCOLATE,NUMBERS,200,https://source.unsplash.com/200x200/?Amul+dark+chocolate+200rs
AMUL MILK CHOCOLATE  200rs,CHOCOLATE,NUMBERS,200,https://source.unsplash.com/200x200/?AMUL+MILK+CHOCOLATE++200rs
Apsara pencil,STATIONARY,NUMBERS,7,https://source.unsplash.com/200x200/?Apsara+pencil
Arial liquid 1L,SELF CARE,PACKS,179,https://source.unsplash.com/200x200/?Arial+liquid+1L
Arial powder,TOILETRIES,PACKS,10,https://source.unsplash.com/200x200/?Arial+powder
Astronaut note book,NOTEBOOK,N/A,40,https://source.unsplash.com/200x200/?Astronaut+note+book
AVELIA ALOE VERA BODY WASH,SELF CARE,BOTTLES,180,https://source.unsplash.com/200x200/?AVELIA+ALOE+VERA+BODY+WASH
AVELIA ALOE VERA MOISTURIZING  100ML,SELF CARE,NUMBERS,99,https://source.unsplash.com/200x200/?AVELIA+ALOE+VERA+MOISTURIZING++100ML
AVELIA ANTI DANDRUFF 200ML SHAMPOO,SELF CARE,BOTTLES,149,https://source.unsplash.com/200x200/?AVELIA+ANTI+DANDRUFF+200ML+SHAMPOO
AVELIA BRITISH ROSE BODY WASH,SELF CARE,BOTTLES,199,https://source.unsplash.com/200x200/?AVELIA+BRITISH+ROSE+BODY+WASH
AVELIA COCONUT OIL 200ML,SELF CARE,BOTTLES,199,https://source.unsplash.com/200x200/?AVELIA+COCONUT+OIL+200ML
Avelia hair conditioner 318rs,SELF CARE,NUMBERS,318,https://source.unsplash.com/200x200/?Avelia+hair+conditioner+318rs
AVELIA HAIR REMOVAL 50GM CREAM,SELF CARE,PACKS,145,https://source.unsplash.com/200x200/?AVELIA+HAIR+REMOVAL+50GM+CREAM
AVELIA LIME 4X125GM SOAP,SELF CARE,PACKS,200,https://source.unsplash.com/200x200/?AVELIA+LIME+4X125GM+SOAP
AVELIA REFRESHING BODY WASH 250ML,SELF CARE,BOTTLES,180,https://source.unsplash.com/200x200/?AVELIA+REFRESHING+BODY+WASH+250ML
Backpack,STATIONARY,NUMBERS,450,https://source.unsplash.com/200x200/?Backpack
Band aid 2rs,SELF CARE,NUMBERS,3,https://source.unsplash.com/200x200/?Band+aid+2rs
Basil seeds 100g,DRY FRUITS,GRAMMES,70,https://source.unsplash.com/200x200/?Basil+seeds+100g
Bath scrub,SELF CARE,NUMBERS,30,https://source.unsplash.com/200x200/?Bath+scrub
Bath towel (Turkey),TOILETRIES,N/A,320,https://source.unsplash.com/200x200/?Bath+towel+(Turkey)
BAULI CHOCO MRP 25,CHOCOLATE,PACKS,25,https://source.unsplash.com/200x200/?BAULI+CHOCO+MRP+25
BAULI STR MRP 25,CHOCOLATE,PACKS,25,https://source.unsplash.com/200x200/?BAULI+STR+MRP+25
BAULI VANILLA MRP 25,CHOCOLATE,PACKS,25,https://source.unsplash.com/200x200/?BAULI+VANILLA+MRP+25
BEW BODY DEODRANT FALL150ML,SELF CARE,NUMBERS,199,https://source.unsplash.com/200x200/?BEW+BODY+DEODRANT+FALL150ML
BEW BODY DEODRANT SPICY SPORT 150ML,SELF CARE,NUMBERS,199,https://source.unsplash.com/200x200/?BEW+BODY+DEODRANT+SPICY+SPORT+150ML
BEW COCONUT MILK MOISTURAISING LOTION,SELF CARE,NUMBERS,199,https://source.unsplash.com/200x200/?BEW+COCONUT+MILK+MOISTURAISING+LOTION
BEW SMOOTH & SILKY 300ML SHAMPOO,SELF CARE,BOTTLES,160,https://source.unsplash.com/200x200/?BEW+SMOOTH+&+SILKY+300ML+SHAMPOO
bew soap Rs.50,Other,N/A,0,https://source.unsplash.com/200x200/?bew+soap+Rs.50
BEW TAN REMOVAL PAPAYA FACE WASH SCRUB 60GM,SELF CARE,PACKS,120,https://source.unsplash.com/200x200/?BEW+TAN+REMOVAL+PAPAYA+FACE+WASH+SCRUB+60GM
BEW THICK & STRONG 300ML SHAMPOO,SELF CARE,BOTTLES,160,https://source.unsplash.com/200x200/?BEW+THICK+&+STRONG+300ML+SHAMPOO
BEW VITAMIN C 100ML FACE WASH,SELF CARE,NUMBERS,199,https://source.unsplash.com/200x200/?BEW+VITAMIN+C+100ML+FACE+WASH
Bikaneri soan papdi Rs.68,SNACKS,BOX,68,https://source.unsplash.com/200x200/?Bikaneri+soan+papdi+Rs.68
BING0 30,SNACKS,PIECES,30,https://source.unsplash.com/200x200/?BING0+30
BINGO 20,SNACKS,PIECES,20,https://source.unsplash.com/200x200/?BINGO+20
Bingo 50,SNACKS,PACKS,50,https://source.unsplash.com/200x200/?Bingo+50
Black Hit Rs.140,Other,N/A,0,https://source.unsplash.com/200x200/?Black+Hit+Rs.140
Black raisins 100g,DRY FRUITS,GRAMMES,65,https://source.unsplash.com/200x200/?Black+raisins+100g
Blanket,SELF CARE,N/A,639,https://source.unsplash.com/200x200/?Blanket
BODY SCRUB,TOILETRIES,PIECES,30,https://source.unsplash.com/200x200/?BODY+SCRUB
Boomer,CHOCOLATE,PIECES,1,https://source.unsplash.com/200x200/?Boomer
umbrella,SELF CARE,NUMBERS,350,https://source.unsplash.com/200x200/?umbrella
BOURBON,BISCUITS,PIECES,10,https://source.unsplash.com/200x200/?BOURBON
Bourbon 25rs,Other,PACKS,25,https://source.unsplash.com/200x200/?Bourbon+25rs
Breakfast mix,DRY FRUITS,PACKS,290,https://source.unsplash.com/200x200/?Breakfast+mix
breakfast mix 200gm,DRY FRUITS,GRAMMES,290,https://source.unsplash.com/200x200/?breakfast+mix+200gm
Bri milk cream 10,BISCUITS,PACKS,10,https://source.unsplash.com/200x200/?Bri+milk+cream+10
BRI TREAT,BISCUITS,PIECES,10,https://source.unsplash.com/200x200/?BRI+TREAT
Bucket 15ltrs 165rs,ROOM ESSENTIALS,NUMBERS,165,https://source.unsplash.com/200x200/?Bucket+15ltrs+165rs
BUGBLOK 100GM MOSQUITO,SELF CARE,NUMBERS,120,https://source.unsplash.com/200x200/?BUGBLOK+100GM+MOSQUITO
BUGBLOK 50GM MOSQUITO,SELF CARE,PACKS,70,https://source.unsplash.com/200x200/?BUGBLOK+50GM+MOSQUITO
Burfi 10,SNACKS,PIECES,10,https://source.unsplash.com/200x200/?Burfi+10
Burfi 5,DRY FRUITS,N/A,5,https://source.unsplash.com/200x200/?Burfi+5
Cadaburry dairy milk 50rs,CHOCOLATE,NUMBERS,50,https://source.unsplash.com/200x200/?Cadaburry+dairy+milk+50rs
Cadburry Choco cookie Rs.30,CHOCOLATE,PACKS,30,https://source.unsplash.com/200x200/?Cadburry+Choco+cookie+Rs.30
Cadburry Chocobakes 10rs,CHOCOLATE,NUMBERS,10,https://source.unsplash.com/200x200/?Cadburry+Chocobakes+10rs
Cadburry dairy milk fruit & nut 55rs,CHOCOLATE,NUMBERS,55,https://source.unsplash.com/200x200/?Cadburry+dairy+milk+fruit+&+nut+55rs
Cadburry Five star 10rs,CHOCOLATE,NUMBERS,10,https://source.unsplash.com/200x200/?Cadburry+Five+star+10rs
Cadburry Five star 5rs,CHOCOLATE,PIECES,5,https://source.unsplash.com/200x200/?Cadburry+Five+star+5rs
Cadburry oreo 10rs,BISCUITS,NUMBERS,10,https://source.unsplash.com/200x200/?Cadburry+oreo+10rs
Cadburry Oreo 20rs,BISCUITS,NUMBERS,20,https://source.unsplash.com/200x200/?Cadburry+Oreo+20rs
Cadburry Oreo vannila 10rs,BISCUITS,NUMBERS,10,https://source.unsplash.com/200x200/?Cadburry+Oreo+vannila+10rs
Cadburry Perk 10rs,CHOCOLATE,NUMBERS,10,https://source.unsplash.com/200x200/?Cadburry+Perk+10rs
Calculator normal big,STATIONARY,NUMBERS,300,https://source.unsplash.com/200x200/?Calculator+normal+big
California almonds 100g,DRY FRUITS,GRAMMES,130,https://source.unsplash.com/200x200/?California+almonds+100g
Camlin A5 King size R/UR 50/-,Other,NUMBERS,0,https://source.unsplash.com/200x200/?Camlin+A5+King+size+R/UR+50/-
Camlin CD Marker Rs.10,STATIONARY,NUMBERS,10,https://source.unsplash.com/200x200/?Camlin+CD+Marker+Rs.10
Camlin lead,STATIONARY,NUMBERS,5,https://source.unsplash.com/200x200/?Camlin+lead
Camlin ULB 120 Pgs R/UR 50/-,Other,NUMBERS,0,https://source.unsplash.com/200x200/?Camlin+ULB+120+Pgs+R/UR+50/-
Camlin ULB 160 Pgs R/UR 60/-,Other,NUMBERS,0,https://source.unsplash.com/200x200/?Camlin+ULB+160+Pgs+R/UR+60/-
Camlin ULB 200Pgs R/UR 90/-,Other,NUMBERS,0,https://source.unsplash.com/200x200/?Camlin+ULB+200Pgs+R/UR+90/-
Capsicum plaster 25rs,SELF CARE,PIECES,25,https://source.unsplash.com/200x200/?Capsicum+plaster+25rs
Capsule umbrella,SELF CARE,NUMBERS,390,https://source.unsplash.com/200x200/?Capsule+umbrella
carbonix led pencil 10rs,STATIONARY,NUMBERS,10,https://source.unsplash.com/200x200/?carbonix+led+pencil+10rs
Cashewnuts 100g,DRY FRUITS,GRAMMES,125,https://source.unsplash.com/200x200/?Cashewnuts+100g
casio FX-991MS,STATIONARY,NUMBERS,999,https://source.unsplash.com/200x200/?casio+FX-991MS
casio fx-991ms second,STATIONARY,NUMBERS,999,https://source.unsplash.com/200x200/?casio+fx-991ms+second
cello gripper pen 10rs,STATIONARY,PIECES,10,https://source.unsplash.com/200x200/?cello+gripper+pen+10rs
Cellotape small,STATIONARY,NUMBERS,10,https://source.unsplash.com/200x200/?Cellotape+small
Center fresh 1rs,CHOCOLATE,PIECES,1,https://source.unsplash.com/200x200/?Center+fresh+1rs
Cheetos C Puffs 28g,SNACKS,PACKS,10,https://source.unsplash.com/200x200/?Cheetos+C+Puffs+28g
Cheetos M Balls 28g,SNACKS,PACKS,10,https://source.unsplash.com/200x200/?Cheetos+M+Balls+28g
Cherry Rs.113,Other,N/A,0,https://source.unsplash.com/200x200/?Cherry+Rs.113
Chia seed 100g,DRY FRUITS,GRAMMES,65,https://source.unsplash.com/200x200/?Chia+seed+100g
CHOCO PIE,BISCUITS,BOX,10,https://source.unsplash.com/200x200/?CHOCO+PIE
Choco pie Rs.15,CHOCOLATE,NUMBERS,15,https://source.unsplash.com/200x200/?Choco+pie+Rs.15
Chocobakes Rs.180,BISCUITS<> CHOCOLATE,BOX,180,https://source.unsplash.com/200x200/?Chocobakes+Rs.180
Chocolate 1rs,CHOCOLATE,N/A,1,https://source.unsplash.com/200x200/?Chocolate+1rs
Cinthol 10rs,SELF CARE,PIECES,10,https://source.unsplash.com/200x200/?Cinthol+10rs
cinthol 50,SELF CARE,PIECES,50,https://source.unsplash.com/200x200/?cinthol+50
cinthol 65rs,SELF CARE,PIECES,65,https://source.unsplash.com/200x200/?cinthol+65rs
cinthol blue 50rs,SELF CARE,NUMBERS,50,https://source.unsplash.com/200x200/?cinthol+blue+50rs
cinthol original 45rs,SELF CARE,NUMBERS,45,https://source.unsplash.com/200x200/?cinthol+original+45rs
CITICAL scientific calculator CT-991MS,STATIONARY,NUMBERS,680,https://source.unsplash.com/200x200/?CITICAL+scientific+calculator+CT-991MS
Claro pen 7rs,STATIONARY,NUMBERS,10,https://source.unsplash.com/200x200/?Claro+pen+7rs
Clifornia almond,DRY FRUITS,GRAMMES,130,https://source.unsplash.com/200x200/?Clifornia+almond
Clips,ROOM ESSENTIALS,N/A,25,https://source.unsplash.com/200x200/?Clips
cloth brush,ROOM ESSENTIALS,PIECES,50,https://source.unsplash.com/200x200/?cloth+brush
Coconut hair oil,SELF CARE,PACKS,20,https://source.unsplash.com/200x200/?Coconut+hair+oil
Colgate Active Salt Paste Rs.20 Pack,Other,N/A,0,https://source.unsplash.com/200x200/?Colgate+Active+Salt+Paste+Rs.20+Pack
comb 15rs,SELF CARE,PIECES,15,https://source.unsplash.com/200x200/?comb+15rs
comfort 5rs,SELF CARE,PACKS,5,https://source.unsplash.com/200x200/?comfort+5rs
Cotton roll,SELF CARE,PACKS,30,https://source.unsplash.com/200x200/?Cotton+roll
Cotton socks,SELF CARE,PACKS,160,https://source.unsplash.com/200x200/?Cotton+socks
Cotton towel 30x60,TOILETRIES,NUMBERS,145,https://source.unsplash.com/200x200/?Cotton+towel+30x60
cranberry 100,DRY FRUITS,PACKS,90,https://source.unsplash.com/200x200/?cranberry+100
Crax bhujia Rs.10,SNACKS,PACKS,10,https://source.unsplash.com/200x200/?Crax+bhujia+Rs.10
Crax mattar Rs.10,SNACKS,PACKS,10,https://source.unsplash.com/200x200/?Crax+mattar+Rs.10
Crax moongdal Rs.10,SNACKS,N/A,10,https://source.unsplash.com/200x200/?Crax+moongdal+Rs.10
CROISSANT COCOA GT,CHOCOLATE,NUMBERS,20,https://source.unsplash.com/200x200/?CROISSANT+COCOA+GT
CROISSANT VANILLA GT,BISCUITS<> CHOCOLATE,PACKS,20,https://source.unsplash.com/200x200/?CROISSANT+VANILLA+GT
Cucumber seed 100g,DRY FRUITS,GRAMMES,115,https://source.unsplash.com/200x200/?Cucumber+seed+100g
Cucumber seed 250g,DRY FRUITS,GRAMMES,245,https://source.unsplash.com/200x200/?Cucumber+seed+250g
DAIRY MILK 10rs,CHOCOLATE,PIECES,10,https://source.unsplash.com/200x200/?DAIRY+MILK+10rs
Dairymilk 100rs,CHOCOLATE,PIECES,100,https://source.unsplash.com/200x200/?Dairymilk+100rs
Dairymilk 50,CHOCOLATE,PIECES,50,https://source.unsplash.com/200x200/?Dairymilk+50
DARK FANTASY,BISCUITS,PIECES,40,https://source.unsplash.com/200x200/?DARK+FANTASY
Dark Fantasy,BISCUITS,PIECES,40,https://source.unsplash.com/200x200/?Dark+Fantasy
Dates 500gms,DRY FRUITS,GRAMMES,250,https://source.unsplash.com/200x200/?Dates+500gms
dates syrup 400g,DRY FRUITS,BOTTLES,240,https://source.unsplash.com/200x200/?dates+syrup+400g
Denver body spray 80,SELF CARE,PIECES,80,https://source.unsplash.com/200x200/?Denver+body+spray+80
Dettol,TOILETRIES,BOTTLES,45,https://source.unsplash.com/200x200/?Dettol
Dettol soap Rs.10,Other,BOTTLES,0,https://source.unsplash.com/200x200/?Dettol+soap+Rs.10
Doms Pen 5rs,STATIONARY,NUMBERS,5,https://source.unsplash.com/200x200/?Doms+Pen+5rs
Doms Permanent Marker Rs.20,STATIONARY,NUMBERS,20,https://source.unsplash.com/200x200/?Doms+Permanent+Marker+Rs.20
Doms sketch 25rs,STATIONARY,NUMBERS,25,https://source.unsplash.com/200x200/?Doms+sketch+25rs
Doritos Dina L nd C,Other,N/A,0,https://source.unsplash.com/200x200/?Doritos+Dina+L+nd+C
Doritos NC Rs.20,SNACKS,PACKS,20,https://source.unsplash.com/200x200/?Doritos+NC+Rs.20
Doritos S C 45g,Other,N/A,0,https://source.unsplash.com/200x200/?Doritos+S+C+45g
Doritos SC Rs.20,SNACKS,PACKS,20,https://source.unsplash.com/200x200/?Doritos+SC+Rs.20
Double Guava,Other,N/A,0,https://source.unsplash.com/200x200/?Double+Guava
Double tape small 10rs,STATIONARY,NUMBERS,10,https://source.unsplash.com/200x200/?Double+tape+small+10rs
DOUBLEMINT GUM 120rs,CHOCOLATE,BOTTLES,120,https://source.unsplash.com/200x200/?DOUBLEMINT+GUM+120rs
Dry amla 100g,DRY FRUITS,GRAMMES,65,https://source.unsplash.com/200x200/?Dry+amla+100g
Dry amla 250gm,DRY FRUITS,GRAMMES,115,https://source.unsplash.com/200x200/?Dry+amla+250gm
Dry fig 100g,DRY FRUITS,GRAMMES,155,https://source.unsplash.com/200x200/?Dry+fig+100g
Duracell AA Rs.22,ROOM ESSENTIALS,NUMBERS,22,https://source.unsplash.com/200x200/?Duracell+AA+Rs.22
ear buds,SELF CARE,PIECES,20,https://source.unsplash.com/200x200/?ear+buds
East 57 soap Rs.50,Other,N/A,0,https://source.unsplash.com/200x200/?East+57+soap+Rs.50
EAST 57TH ACTIVATED CHARCOAL FACE WASH,SELF CARE,NUMBERS,149,https://source.unsplash.com/200x200/?EAST+57TH+ACTIVATED+CHARCOAL+FACE+WASH
EAST 57TH ACTIVATED CHARCOAL SOAP,SELF CARE,NUMBERS,200,https://source.unsplash.com/200x200/?EAST+57TH+ACTIVATED+CHARCOAL+SOAP
EAST 57TH BODY DEODORANT,SELF CARE,NUMBERS,199,https://source.unsplash.com/200x200/?EAST+57TH+BODY+DEODORANT
EAST 57TH DE TAN ACTIVATED CHARCOAL FACE SCRUB,SELF CARE,NUMBERS,120,https://source.unsplash.com/200x200/?EAST+57TH+DE+TAN+ACTIVATED+CHARCOAL+FACE+SCRUB
EAST 57TH DEO FRESH SOAP 4X125GM,SELF CARE,PACKS,200,https://source.unsplash.com/200x200/?EAST+57TH+DEO+FRESH+SOAP+4X125GM
EATRITE CLASSIC CREAMY PEANUT,SELF CARE,GRAMMES,169,https://source.unsplash.com/200x200/?EATRITE+CLASSIC+CREAMY+PEANUT
Elite brownie Rs.67,CHOCOLATE,PACKS,67,https://source.unsplash.com/200x200/?Elite+brownie+Rs.67
Eno 11rs,SELF CARE,PACKS,11,https://source.unsplash.com/200x200/?Eno+11rs
Eraser 5rs,STATIONARY,PIECES,5,https://source.unsplash.com/200x200/?Eraser+5rs
Exam pad,STATIONARY,NUMBERS,105,https://source.unsplash.com/200x200/?Exam+pad
Exo scrubber,ROOM ESSENTIALS,NUMBERS,10,https://source.unsplash.com/200x200/?Exo+scrubber
Exotic fruit mix 100g,DRY FRUITS,GRAMMES,85,https://source.unsplash.com/200x200/?Exotic+fruit+mix+100g
fab liquid 10,ROOM ESSENTIALS,PACKS,10,https://source.unsplash.com/200x200/?fab+liquid+10
Faber Castell White Board Marker Rs.28,STATIONARY,NUMBERS,28,https://source.unsplash.com/200x200/?Faber+Castell+White+Board+Marker+Rs.28
Farmley Date bite Rs.40,CHOCOLATE<> DRY FRUITS,PACKS,40,https://source.unsplash.com/200x200/?Farmley+Date+bite+Rs.40
Farmley Panchava Rs.30,Other,PACKS,0,https://source.unsplash.com/200x200/?Farmley+Panchava+Rs.30
Farmley peri peri Rs.30,SNACKS,PACKS,30,https://source.unsplash.com/200x200/?Farmley+peri+peri+Rs.30
Fevicol,STATIONARY,NUMBERS,5,https://source.unsplash.com/200x200/?Fevicol
Fevicol MRP5/-,Other,NUMBERS,0,https://source.unsplash.com/200x200/?Fevicol+MRP5/-
feviquick 5rs,STATIONARY,PIECES,5,https://source.unsplash.com/200x200/?feviquick+5rs
Fevistick,STATIONARY,NUMBERS,15,https://source.unsplash.com/200x200/?Fevistick
Flair Hotline Fineliner,STATIONARY,PACKS,110,https://source.unsplash.com/200x200/?Flair+Hotline+Fineliner
Flair move gel pen,STATIONARY,NUMBERS,10,https://source.unsplash.com/200x200/?Flair+move+gel+pen
Flax seed 250gm,DRY FRUITS,PACKS,45,https://source.unsplash.com/200x200/?Flax+seed+250gm
Flora buckets ( Sun shine),TOILETRIES,NUMBERS,400,https://source.unsplash.com/200x200/?Flora+buckets+(+Sun+shine)
fog 300rs,SELF CARE,NUMBERS,300,https://source.unsplash.com/200x200/?fog+300rs
Fog spray 85rs,SELF CARE,NUMBERS,85,https://source.unsplash.com/200x200/?Fog+spray+85rs
fork spoon,Other,N/A,30,https://source.unsplash.com/200x200/?fork+spoon
Fountain Pen,Other,N/A,0,https://source.unsplash.com/200x200/?Fountain+Pen
Fudge it Rs.90,CHOCOLATE,BOX,90,https://source.unsplash.com/200x200/?Fudge+it+Rs.90
Garbage bag (Big),ROOM ESSENTIALS,N/A,0,https://source.unsplash.com/200x200/?Garbage+bag+(Big)
Garbage bag (Medium),ROOM ESSENTIALS,PACKS,77,https://source.unsplash.com/200x200/?Garbage+bag+(Medium)
Garbage bag (small),ROOM ESSENTIALS,PACKS,60,https://source.unsplash.com/200x200/?Garbage+bag+(small)
Gillete blade,SELF CARE,PACKS,48,https://source.unsplash.com/200x200/?Gillete+blade
gillete gaurd,SELF CARE,N/A,25,https://source.unsplash.com/200x200/?gillete+gaurd
Globe Lock (120),ROOM ESSENTIALS,N/A,120,https://source.unsplash.com/200x200/?Globe+Lock+(120)
Glorious 3rs,CHOCOLATE,NUMBERS,3,https://source.unsplash.com/200x200/?Glorious+3rs
Glorious 5rs,CHOCOLATE,NUMBERS,5,https://source.unsplash.com/200x200/?Glorious+5rs
Glucose Rs.45,SELF CARE,PACKS,45,https://source.unsplash.com/200x200/?Glucose+Rs.45
GOBBLES CHOCO cake Rs.40,CHOCOLATE,PACKS,40,https://source.unsplash.com/200x200/?GOBBLES+CHOCO+cake+Rs.40
GOBBLES FRUIT Rs.40,CHOCOLATE,PACKS,30,https://source.unsplash.com/200x200/?GOBBLES+FRUIT+Rs.40
GOBBLES FRUTI Rs.30,CHOCOLATE,PACKS,30,https://source.unsplash.com/200x200/?GOBBLES+FRUTI+Rs.30
GODREJ FA B LIQUID RS 10 PACK,Other,N/A,0,https://source.unsplash.com/200x200/?GODREJ+FA+B+LIQUID+RS+10+PACK
Good knight machine flash Machine Se,SELF CARE,NUMBERS,105,https://source.unsplash.com/200x200/?Good+knight+machine+flash+Machine+Se
Good knight refill,ROOM ESSENTIALS,NUMBERS,85,https://source.unsplash.com/200x200/?Good+knight+refill
Gooday 10,BISCUITS,PACKS,10,https://source.unsplash.com/200x200/?Gooday+10
GRB butter muruku Rs.65,SNACKS,N/A,65,https://source.unsplash.com/200x200/?GRB+butter+muruku+Rs.65
Green Chart,STATIONARY,NUMBERS,10,https://source.unsplash.com/200x200/?Green+Chart
H&S shampoo 2rs,SELF CARE,PIECES,2,https://source.unsplash.com/200x200/?H&S+shampoo+2rs
Halls 1rs,CHOCOLATE,NUMBERS,1,https://source.unsplash.com/200x200/?Halls+1rs
Hamam Rs.10,Other,N/A,0,https://source.unsplash.com/200x200/?Hamam+Rs.10
Hamam Rs.40,Other,N/A,40,https://source.unsplash.com/200x200/?Hamam+Rs.40
Hangers,ROOM ESSENTIALS,PIECES,20,https://source.unsplash.com/200x200/?Hangers
Hangers 6pcs 200rs,ROOM ESSENTIALS,DOZENS,200,https://source.unsplash.com/200x200/?Hangers+6pcs+200rs
Health nuts mix,DRY FRUITS,BOX,250,https://source.unsplash.com/200x200/?Health+nuts+mix
HERSHEYS KISSES 60rs,CHOCOLATE,PACKS,60,https://source.unsplash.com/200x200/?HERSHEYS+KISSES+60rs
HERSHEYS KISSES 65rs,CHOCOLATE,PACKS,65,https://source.unsplash.com/200x200/?HERSHEYS+KISSES+65rs
HERSHEYS KISSES 70rs,CHOCOLATE,N/A,70,https://source.unsplash.com/200x200/?HERSHEYS+KISSES+70rs
HERSHEYS KISSES 99rs,CHOCOLATE,PACKS,99,https://source.unsplash.com/200x200/?HERSHEYS+KISSES+99rs
HERSHEYS KISSES BLACK 70rs,CHOCOLATE,PACKS,70,https://source.unsplash.com/200x200/?HERSHEYS+KISSES+BLACK+70rs
HIDE AND SEEK 30,BISCUITS,PACKS,30,https://source.unsplash.com/200x200/?HIDE+AND+SEEK+30
Highlighter,Other,N/A,0,https://source.unsplash.com/200x200/?Highlighter
Highlighter blue,PENS,N/A,25,https://source.unsplash.com/200x200/?Highlighter+blue
Highlighter green,STATIONARY,NUMBERS,25,https://source.unsplash.com/200x200/?Highlighter+green
Honey,DRY FRUITS,BOTTLES,230,https://source.unsplash.com/200x200/?Honey
Hot & cold fashion 1L 720rs,BOTTLES,NUMBERS,720,https://source.unsplash.com/200x200/?Hot+&+cold+fashion+1L+720rs
Hot & cold flask 600ml,BOTTLES,PIECES,600,https://source.unsplash.com/200x200/?Hot+&+cold+flask+600ml
IMIS Note LS 220pgs Ruled,NOTEBOOK,NUMBERS,90,https://source.unsplash.com/200x200/?IMIS+Note+LS+220pgs+Ruled
IMIS Note LS 220pgs Unruled,NOTEBOOK,NUMBERS,90,https://source.unsplash.com/200x200/?IMIS+Note+LS+220pgs+Unruled
IMIS SMALL 30pgs 35RS,NOTEBOOK,NUMBERS,35,https://source.unsplash.com/200x200/?IMIS+SMALL+30pgs+35RS
Inheler 40rs,SELF CARE,NUMBERS,45,https://source.unsplash.com/200x200/?Inheler+40rs
Jaggery 250g,DRY FRUITS,GRAMMES,40,https://source.unsplash.com/200x200/?Jaggery+250g
JIM JAM,BISCUITS,BOX,10,https://source.unsplash.com/200x200/?JIM+JAM
Jumbo Bath towel cotton,TOILETRIES,PIECES,165,https://source.unsplash.com/200x200/?Jumbo+Bath+towel+cotton
Jute bag,ROOM ESSENTIALS,N/A,10,https://source.unsplash.com/200x200/?Jute+bag
Kelloggs bowl 95rs,ROOM ESSENTIALS,NUMBERS,95,https://source.unsplash.com/200x200/?Kelloggs+bowl+95rs
KIT KAT 10,CHOCOLATE,PIECES,10,https://source.unsplash.com/200x200/?KIT+KAT+10
KK GCRS 72g Rs.20 (8,SNACKS,PACKS,20,https://source.unsplash.com/200x200/?KK+GCRS+72g+Rs.20+(8
KK MM 78g,Other,PACKS,0,https://source.unsplash.com/200x200/?KK+MM+78g
KK MM 78g (80),Other,N/A,0,https://source.unsplash.com/200x200/?KK+MM+78g+(80)
KK MM GO 94g,Other,PACKS,0,https://source.unsplash.com/200x200/?KK+MM+GO+94g
Knotted lunch towel 22x22,TOILETRIES,PIECES,42,https://source.unsplash.com/200x200/?Knotted+lunch+towel+22x22
Kure Kure MM 20,SNACKS,PACKS,20,https://source.unsplash.com/200x200/?Kure+Kure+MM+20
KURKURE 5rs,SNACKS,PACKS,5,https://source.unsplash.com/200x200/?KURKURE+5rs
KurKure GCRS Rs.20,SNACKS,PACKS,20,https://source.unsplash.com/200x200/?KurKure+GCRS+Rs.20
Kurkure MM,SNACKS,PACKS,30,https://source.unsplash.com/200x200/?Kurkure+MM
KurKure NT 35g Rs.10,SNACKS,PACKS,10,https://source.unsplash.com/200x200/?KurKure+NT+35g+Rs.10
Kurkure RCC 72gm,Other,N/A,0,https://source.unsplash.com/200x200/?Kurkure+RCC+72gm
Kurkure RCC Rs.20,SNACKS,PACKS,20,https://source.unsplash.com/200x200/?Kurkure+RCC+Rs.20
KurKure Schezwan Rs.20,SNACKS,PACKS,20,https://source.unsplash.com/200x200/?KurKure+Schezwan+Rs.20
LAL Kaju katli 200g Rs.220,CHOCOLATE,BOX,220,https://source.unsplash.com/200x200/?LAL+Kaju+katli+200g+Rs.220
LAUNDRY BAG,ROOM ESSENTIALS,NUMBERS,250,https://source.unsplash.com/200x200/?LAUNDRY+BAG
Laundry bag 150rs,ROOM ESSENTIALS,NUMBERS,150,https://source.unsplash.com/200x200/?Laundry+bag+150rs
Lavian Brownie,CHOCOLATE,PACKS,10,https://source.unsplash.com/200x200/?Lavian+Brownie
Lavian Brownie Rs.10,CHOCOLATE,PACKS,10,https://source.unsplash.com/200x200/?Lavian+Brownie+Rs.10
Lays Asco green 20,SNACKS,PACKS,20,https://source.unsplash.com/200x200/?Lays+Asco+green+20
Lays ASCO Rs.30,SNACKS,PACKS,30,https://source.unsplash.com/200x200/?Lays+ASCO+Rs.30
Lays ASCO Rs.50,SNACKS,PACKS,50,https://source.unsplash.com/200x200/?Lays+ASCO+Rs.50
Lays CL 48g Rs.20,SNACKS,PACKS,20,https://source.unsplash.com/200x200/?Lays+CL+48g+Rs.20
Lays CS 67g(72),Other,N/A,0,https://source.unsplash.com/200x200/?Lays+CS+67g(72)
LAYS green 10,SNACKS,PIECES,10,https://source.unsplash.com/200x200/?LAYS+green+10
Lays Hnds 20,SNACKS,PACKS,20,https://source.unsplash.com/200x200/?Lays+Hnds+20
Lays Hnds Rs.30,SNACKS,PACKS,30,https://source.unsplash.com/200x200/?Lays+Hnds+Rs.30
Lays Hnds Rs.50,SNACKS,PACKS,50,https://source.unsplash.com/200x200/?Lays+Hnds+Rs.50
Lays MM 20,SNACKS,PACKS,20,https://source.unsplash.com/200x200/?Lays+MM+20
Lays MM Rs.50,SNACKS,PACKS,50,https://source.unsplash.com/200x200/?Lays+MM+Rs.50
Lays MM,SNACKS,PACKS,30,https://source.unsplash.com/200x200/?Lays+MM
Lays Red Rs.20,SNACKS,PACKS,20,https://source.unsplash.com/200x200/?Lays+Red+Rs.20
lays salt & Pepper Rs.20,SNACKS,PACKS,20,https://source.unsplash.com/200x200/?lays+salt+&+Pepper+Rs.20
Lays STT (Red) Rs.20,Other,PACKS,20,https://source.unsplash.com/200x200/?Lays+STT+(Red)+Rs.20
Lays STT 67g,Other,N/A,0,https://source.unsplash.com/200x200/?Lays+STT+67g
Lays W Chips R C 48g,SNACKS,PACKS,20,https://source.unsplash.com/200x200/?Lays+W+Chips+R+C+48g
Lays W Chips S nd P,Other,N/A,0,https://source.unsplash.com/200x200/?Lays+W+Chips+S+nd+P
Lays Yellow Rs.30,SNACKS,PACKS,30,https://source.unsplash.com/200x200/?Lays+Yellow+Rs.30
lifeboy soap Rs.10,TOILETRIES,PIECES,10,https://source.unsplash.com/200x200/?lifeboy+soap+Rs.10
lifeboy soap Rs.50,Other,N/A,0,https://source.unsplash.com/200x200/?lifeboy+soap+Rs.50
LIQUID LIFT FACE TONER 200ML,SELF CARE,BOTTLES,278,https://source.unsplash.com/200x200/?LIQUID+LIFT+FACE+TONER+200ML
LIQUID LIFT KERATIN THERAPY SHAMPOO 200ML,SELF CARE,PACKS,299,https://source.unsplash.com/200x200/?LIQUID+LIFT+KERATIN+THERAPY+SHAMPOO+200ML
Lock (suitcase),Safety,NUMBERS,50,https://source.unsplash.com/200x200/?Lock+(suitcase)
lock 40mm,ROOM ESSENTIALS,NUMBERS,50,https://source.unsplash.com/200x200/?lock+40mm
Loriel conditioner 119rs,SELF CARE,NUMBERS,119,https://source.unsplash.com/200x200/?Loriel+conditioner+119rs
Lotte Choco Pie,Other,BOX,0,https://source.unsplash.com/200x200/?Lotte+Choco+Pie
lux soap Rs.10,TOILETRIES,PIECES,10,https://source.unsplash.com/200x200/?lux+soap+Rs.10
M SNICKERS MRP 20,CHOCOLATE,NUMBERS,20,https://source.unsplash.com/200x200/?M+SNICKERS+MRP+20
Magic umbrella,SELF CARE,NUMBERS,330,https://source.unsplash.com/200x200/?Magic+umbrella
MAKHANA,SNACKS,BOX,160,https://source.unsplash.com/200x200/?MAKHANA
Makhana Rs.20,SNACKS,PACKS,20,https://source.unsplash.com/200x200/?Makhana+Rs.20
Masala Peanut,SNACKS,PACKS,5,https://source.unsplash.com/200x200/?Masala+Peanut
Medimix 10,SELF CARE,PIECES,10,https://source.unsplash.com/200x200/?Medimix+10
Melody chocolate 1rs,CHOCOLATE,NUMBERS,1,https://source.unsplash.com/200x200/?Melody+chocolate+1rs
MILK BIKIS,BISCUITS,BOX,10,https://source.unsplash.com/200x200/?MILK+BIKIS
Moov Rs.180,Other,N/A,0,https://source.unsplash.com/200x200/?Moov+Rs.180
Mouth wash Orarite,SELF CARE,BOTTLES,140,https://source.unsplash.com/200x200/?Mouth+wash+Orarite
Mugs ( Sun shine),TOILETRIES,NUMBERS,50,https://source.unsplash.com/200x200/?Mugs+(+Sun+shine)
MUNCH 10,CHOCOLATE,BOX,10,https://source.unsplash.com/200x200/?MUNCH+10
munch 5rs,CHOCOLATE,PIECES,5,https://source.unsplash.com/200x200/?munch+5rs
Mysore sandal soap 42rs,SELF CARE,NUMBERS,42,https://source.unsplash.com/200x200/?Mysore+sandal+soap+42rs
Nail cutter 100,SELF CARE,PIECES,100,https://source.unsplash.com/200x200/?Nail+cutter+100
Nail cutter 70,SELF CARE,NUMBERS,70,https://source.unsplash.com/200x200/?Nail+cutter+70
Nail cutter 80,SELF CARE,NUMBERS,80,https://source.unsplash.com/200x200/?Nail+cutter+80
Napthelene balls 20rs,ROOM ESSENTIALS,PACKS,20,https://source.unsplash.com/200x200/?Napthelene+balls+20rs
NATURES BEST GREEN TEA GINGER SACHET,SELF CARE,PACKS,125,https://source.unsplash.com/200x200/?NATURES+BEST+GREEN+TEA+GINGER+SACHET
NATURES BEST GREEN TEA LEMON,SELF CARE,PACKS,125,https://source.unsplash.com/200x200/?NATURES+BEST+GREEN+TEA+LEMON
NATURES BEST HONEY 100GM,SELF CARE,BOTTLES,70,https://source.unsplash.com/200x200/?NATURES+BEST+HONEY+100GM
NATURES BEST OLIVE OIL 250ML,SELF CARE,MILILITRE,229,https://source.unsplash.com/200x200/?NATURES+BEST+OLIVE+OIL+250ML
NC DIGESTIVE 100G 72PK CBB NR,BISCUITS,PACKS,25,https://source.unsplash.com/200x200/?NC+DIGESTIVE+100G+72PK+CBB+NR
Normal buckets ( Sun shine),TOILETRIES,PIECES,350,https://source.unsplash.com/200x200/?Normal+buckets+(+Sun+shine)
Notebook ( Rulled ) KING,NOTEBOOK,NUMBERS,55,https://source.unsplash.com/200x200/?Notebook+(+Rulled+)+KING
Notebook (Un Rulled ) KING,NOTEBOOK,PIECES,55,https://source.unsplash.com/200x200/?Notebook+(Un+Rulled+)+KING
Notebook - Long ( 196 Rulled ),NOTEBOOK,NUMBERS,60,https://source.unsplash.com/200x200/?Notebook+-+Long+(+196+Rulled+)
Notebook long ( 196 Un Rulled ),NOTEBOOK,PIECES,60,https://source.unsplash.com/200x200/?Notebook+long+(+196+Un+Rulled+)
Nutri choice Rs.25,BISCUITS,PACKS,25,https://source.unsplash.com/200x200/?Nutri+choice+Rs.25
Nuts container,BOTTLES,BOTTLES,95,https://source.unsplash.com/200x200/?Nuts+container
ODOMOS 50GM 65,SELF CARE,PIECES,65,https://source.unsplash.com/200x200/?ODOMOS+50GM+65
Odonil 220ml room freshner 169rs,Other,N/A,0,https://source.unsplash.com/200x200/?Odonil+220ml+room+freshner+169rs
Om podi,SNACKS,PACKS,5,https://source.unsplash.com/200x200/?Om+podi
ORARITE MOUTH WASH 250ML,Other,N/A,0,https://source.unsplash.com/200x200/?ORARITE+MOUTH+WASH+250ML
ORBIT 150rs,CHOCOLATE,NUMBERS,150,https://source.unsplash.com/200x200/?ORBIT+150rs
ORBIT 50rs,CHOCOLATE,NUMBERS,50,https://source.unsplash.com/200x200/?ORBIT+50rs
Orbit gum 5,CHOCOLATE,N/A,5,https://source.unsplash.com/200x200/?Orbit+gum+5
ORS powder 25rs,SELF CARE,PACKS,25,https://source.unsplash.com/200x200/?ORS+powder+25rs
Palgova sridairy Rs.86,SNACKS,PIECES,86,https://source.unsplash.com/200x200/?Palgova+sridairy+Rs.86
Paper binder clip small,STATIONARY,NUMBERS,10,https://source.unsplash.com/200x200/?Paper+binder+clip+small
Parachoute coconut oil 200ml,SELF CARE,MILILITRE,105,https://source.unsplash.com/200x200/?Parachoute+coconut+oil+200ml
Parle G 10rs,BISCUITS,PACKS,10,https://source.unsplash.com/200x200/?Parle+G+10rs
pen 6,STATIONARY,NUMBERS,10,https://source.unsplash.com/200x200/?pen+6
pen 7,Other,PIECES,0,https://source.unsplash.com/200x200/?pen+7
pencil 7rs,STATIONARY,PIECES,7,https://source.unsplash.com/200x200/?pencil+7rs
pencil pouch 30rs,STATIONARY,NUMBERS,30,https://source.unsplash.com/200x200/?pencil+pouch+30rs
pencil pouch 40rs,STATIONARY,NUMBERS,40,https://source.unsplash.com/200x200/?pencil+pouch+40rs
Pentonic 10rs,STATIONARY,PIECES,10,https://source.unsplash.com/200x200/?Pentonic+10rs
Pepper cashews,SNACKS,GRAMMES,110,https://source.unsplash.com/200x200/?Pepper+cashews
Permanent maerker artline 20rs,STATIONARY,NUMBERS,20,https://source.unsplash.com/200x200/?Permanent+maerker+artline+20rs
Pet jar 250ml,ROOM ESSENTIALS,PIECES,95,https://source.unsplash.com/200x200/?Pet+jar+250ml
Pillow cover,ROOM ESSENTIALS,NUMBERS,55,https://source.unsplash.com/200x200/?Pillow+cover
Pillow cover cotton 27x17,ROOM ESSENTIALS,PIECES,60,https://source.unsplash.com/200x200/?Pillow+cover+cotton+27x17
pilot pen 60rs,Other,N/A,60,https://source.unsplash.com/200x200/?pilot+pen+60rs
Pilot refill 30rs,STATIONARY,PACKS,30,https://source.unsplash.com/200x200/?Pilot+refill+30rs
Pink Chart,STATIONARY,NUMBERS,10,https://source.unsplash.com/200x200/?Pink+Chart
Pistha 100gm,DRY FRUITS,PACKS,155,https://source.unsplash.com/200x200/?Pistha+100gm
Plum mix,DRY FRUITS,PACKS,280,https://source.unsplash.com/200x200/?Plum+mix
POCKET NOTE 10rs,NOTEBOOK,NUMBERS,10,https://source.unsplash.com/200x200/?POCKET+NOTE+10rs
Practical Note 75/-,Other,N/A,0,https://source.unsplash.com/200x200/?Practical+Note+75/-
Premier tissue Rs.15,SELF CARE,N/A,15,https://source.unsplash.com/200x200/?Premier+tissue+Rs.15
PREMIUM BAKE RUSK 50G 64PK,BISCUITS,PACKS,10,https://source.unsplash.com/200x200/?PREMIUM+BAKE+RUSK+50G+64PK
Premium Hand kerchief colors 22x22,SELF CARE,NUMBERS,45,https://source.unsplash.com/200x200/?Premium+Hand+kerchief+colors+22x22
Premium kerchief  24x24,SELF CARE,PIECES,55,https://source.unsplash.com/200x200/?Premium+kerchief++24x24
PREMIUM KERCHIEF KNOTTED 22X22,SELF CARE,PIECES,55,https://source.unsplash.com/200x200/?PREMIUM+KERCHIEF+KNOTTED+22X22
Premium white kerchief 22x22,SELF CARE,PIECES,45,https://source.unsplash.com/200x200/?Premium+white+kerchief+22x22
Pringles Rs.125,SNACKS,BOTTLES,125,https://source.unsplash.com/200x200/?Pringles+Rs.125
Protection face mask,SELF CARE,PIECES,10,https://source.unsplash.com/200x200/?Protection+face+mask
Prunes 200gm,DRY FRUITS,GRAMMES,280,https://source.unsplash.com/200x200/?Prunes+200gm
Pumkin seed 100g,DRY FRUITS,GRAMMES,70,https://source.unsplash.com/200x200/?Pumkin+seed+100g
PURE MAGIC CHOCOLUSH 69G 60PK,CHOCOLATE,PACKS,40,https://source.unsplash.com/200x200/?PURE+MAGIC+CHOCOLUSH+69G+60PK
Pure magic STARS 68.9G (620.1G) 72PK DISP,BISCUITS,PACKS,30,https://source.unsplash.com/200x200/?Pure+magic+STARS+68.9G+(620.1G)+72PK+DISP
Raisins regular,DRY FRUITS,GRAMMES,68,https://source.unsplash.com/200x200/?Raisins+regular
Record notebook,STATIONARY,NUMBERS,65,https://source.unsplash.com/200x200/?Record+notebook
Rin soap,ROOM ESSENTIALS,PIECES,10,https://source.unsplash.com/200x200/?Rin+soap
Ritebite 35g Rs.45,CHOCOLATE,NUMBERS,45,https://source.unsplash.com/200x200/?Ritebite+35g+Rs.45
Roasted cashew 100g,DRY FRUITS,PACKS,126,https://source.unsplash.com/200x200/?Roasted+cashew+100g
Roller Pen,Other,N/A,0,https://source.unsplash.com/200x200/?Roller+Pen
Roller pen Rs.30,PENS,NUMBERS,30,https://source.unsplash.com/200x200/?Roller+pen+Rs.30
Rolling comb ( Normal) Rs.50,SELF CARE,NUMBERS,50,https://source.unsplash.com/200x200/?Rolling+comb+(+Normal)+Rs.50
Rolling comb Premium,SELF CARE,PIECES,100,https://source.unsplash.com/200x200/?Rolling+comb+Premium
Royal Rasgulla Rs.210,Other,N/A,0,https://source.unsplash.com/200x200/?Royal+Rasgulla+Rs.210
Santoor soap Rs.56,SELF CARE,NUMBERS,56,https://source.unsplash.com/200x200/?Santoor+soap+Rs.56
Scale 15cm,STATIONARY,NUMBERS,5,https://source.unsplash.com/200x200/?Scale+15cm
Scale 30cm,STATIONARY,NUMBERS,12,https://source.unsplash.com/200x200/?Scale+30cm
Scientific Calculator CASIO ES plus,STATIONARY,NUMBERS,1475,https://source.unsplash.com/200x200/?Scientific+Calculator+CASIO+ES+plus
Scissors ( Big ),STATIONARY,N/A,0,https://source.unsplash.com/200x200/?Scissors+(+Big+)
Scissors ( medium ),STATIONARY,PIECES,80,https://source.unsplash.com/200x200/?Scissors+(+medium+)
Scissors ( small ),STATIONARY,NUMBERS,50,https://source.unsplash.com/200x200/?Scissors+(+small+)
Scissors 208-140 mm,Other,N/A,0,https://source.unsplash.com/200x200/?Scissors+208-140+mm
Scissors 210-175 mm,Other,N/A,0,https://source.unsplash.com/200x200/?Scissors+210-175+mm
scissors small 36rs,STATIONARY,NUMBERS,36,https://source.unsplash.com/200x200/?scissors+small+36rs
Scribbling pad,NOTEBOOK,NUMBERS,20,https://source.unsplash.com/200x200/?Scribbling+pad
Seed mix 200g,DRY FRUITS,PACKS,200,https://source.unsplash.com/200x200/?Seed+mix+200g
SENSOCURE SENSITIVE CARE 150GM,SELF CARE,PACKS,179,https://source.unsplash.com/200x200/?SENSOCURE+SENSITIVE+CARE+150GM
Set wet gel Rs.50,SELF CARE,PIECES,50,https://source.unsplash.com/200x200/?Set+wet+gel+Rs.50
sharpner,STATIONARY,PIECES,5,https://source.unsplash.com/200x200/?sharpner
Shaving cream (godrej),Other,PACKS,27,https://source.unsplash.com/200x200/?Shaving+cream+(godrej)
Shoe polish 135,SELF CARE,NUMBERS,135,https://source.unsplash.com/200x200/?Shoe+polish+135
Shoe polish 52,SELF CARE,NUMBERS,52,https://source.unsplash.com/200x200/?Shoe+polish+52
Shree ram soan papdi 200g Rs.80,CHOCOLATE<> SNACKS,BOX,80,https://source.unsplash.com/200x200/?Shree+ram+soan+papdi+200g+Rs.80
Slipper Rs.180,SELF CARE,PAIRS,180,https://source.unsplash.com/200x200/?Slipper+Rs.180
SNICKERS ALMOND 70rs,CHOCOLATE,NUMBERS,70,https://source.unsplash.com/200x200/?SNICKERS+ALMOND+70rs
SNICKERS BUTTERSCOTCH 35rs,CHOCOLATE,NUMBERS,70,https://source.unsplash.com/200x200/?SNICKERS+BUTTERSCOTCH+35rs
Soap container,TOILETRIES,PIECES,45,https://source.unsplash.com/200x200/?Soap+container
Spiral note book ( 4 subjects),NOTEBOOK,PIECES,145,https://source.unsplash.com/200x200/?Spiral+note+book+(+4+subjects)
spiral notebook 80rs,STATIONARY,NUMBERS,80,https://source.unsplash.com/200x200/?spiral+notebook+80rs
Spiral notebook Rulled 160pgs,STATIONARY,PIECES,85,https://source.unsplash.com/200x200/?Spiral+notebook+Rulled+160pgs
spl.mix 100,DRY FRUITS,GRAMMES,135,https://source.unsplash.com/200x200/?spl.mix+100
Spoon SS,ROOM ESSENTIALS,PIECES,30,https://source.unsplash.com/200x200/?Spoon+SS
Stapler ( Big ),STATIONARY,N/A,0,https://source.unsplash.com/200x200/?Stapler+(+Big+)
Stapler ( Medium ),STATIONARY,NUMBERS,68,https://source.unsplash.com/200x200/?Stapler+(+Medium+)
Stapler ( Small ),STATIONARY,N/A,65,https://source.unsplash.com/200x200/?Stapler+(+Small+)
Staplerpin,STATIONARY,BOX,12,https://source.unsplash.com/200x200/?Staplerpin
Sterivon hand sanitizer 100ml,SELF CARE,BOTTLES,80,https://source.unsplash.com/200x200/?Sterivon+hand+sanitizer+100ml
Stick file,STATIONARY,NUMBERS,15,https://source.unsplash.com/200x200/?Stick+file
Stick pen,PENS,NUMBERS,5,https://source.unsplash.com/200x200/?Stick+pen
Sticky notes ( 4 colours),STATIONARY,PACKS,50,https://source.unsplash.com/200x200/?Sticky+notes+(+4+colours)
Suitcase lock,ROOM ESSENTIALS,NUMBERS,25,https://source.unsplash.com/200x200/?Suitcase+lock
Sunflower seed 100g,DRY FRUITS,GRAMMES,65,https://source.unsplash.com/200x200/?Sunflower+seed+100g
Sunflower seed 250gm,Other,PACKS,70,https://source.unsplash.com/200x200/?Sunflower+seed+250gm
Sunsilk Shampoo Rs.1,SELF CARE,NUMBERS,1,https://source.unsplash.com/200x200/?Sunsilk+Shampoo+Rs.1
Surfexcel powder 10rs,TOILETRIES,PACKS,10,https://source.unsplash.com/200x200/?Surfexcel+powder+10rs
SWIRLS CHARCOAL 100GM TOOTH PASTE,SELF CARE,GRAMMES,99,https://source.unsplash.com/200x200/?SWIRLS+CHARCOAL+100GM+TOOTH+PASTE
SWIRLS HERBAL SHIELD 100GM,SELF CARE,PACKS,89,https://source.unsplash.com/200x200/?SWIRLS+HERBAL+SHIELD+100GM
swiss roll Rs.100,CHOCOLATE,PACKS,100,https://source.unsplash.com/200x200/?swiss+roll+Rs.100
Thermal flask 1L,BOTTLES,BOTTLES,680,https://source.unsplash.com/200x200/?Thermal+flask+1L
Thick chart,STATIONARY,NUMBERS,20,https://source.unsplash.com/200x200/?Thick+chart
Tissue paper,TOILETRIES,PACKS,50,https://source.unsplash.com/200x200/?Tissue+paper
Tongue cleaner,SELF CARE,NUMBERS,10,https://source.unsplash.com/200x200/?Tongue+cleaner
TOO YUM 5rs,SNACKS,PACKS,5,https://source.unsplash.com/200x200/?TOO+YUM+5rs
Too Yum CREAM & ONION MRP 20,SNACKS,PACKS,20,https://source.unsplash.com/200x200/?Too+Yum+CREAM+&+ONION+MRP+20
Too Yum SPICY CHILLI MRP 20,SNACKS,PACKS,20,https://source.unsplash.com/200x200/?Too+Yum+SPICY+CHILLI+MRP+20
Tooth brush ( Colgate),TOILETRIES,PIECES,20,https://source.unsplash.com/200x200/?Tooth+brush+(+Colgate)
Tooth Paste (Dabur Red),TOILETRIES,NUMBERS,10,https://source.unsplash.com/200x200/?Tooth+Paste+(Dabur+Red)
Tooth paste colgate,SELF CARE,PACKS,10,https://source.unsplash.com/200x200/?Tooth+paste+colgate
Toothpaste colgate 100g Rs.84,SELF CARE,NUMBERS,84,https://source.unsplash.com/200x200/?Toothpaste+colgate+100g+Rs.84
TREAT WAFERS CHOCO 31G 144PK,CHOCOLATE,PACKS,10,https://source.unsplash.com/200x200/?TREAT+WAFERS+CHOCO+31G+144PK
TREAT WAFERS CHOCO 55G 60PK BOGO,BISCUITS<> CHOCOLATE,PACKS,50,https://source.unsplash.com/200x200/?TREAT+WAFERS+CHOCO+55G+60PK+BOGO
TREAT WAFERS ORANGE 55G 60PK BOGO,BISCUITS<> CHOCOLATE,PACKS,50,https://source.unsplash.com/200x200/?TREAT+WAFERS+ORANGE+55G+60PK+BOGO
TRIMAX PEN,PENS,PACKS,60,https://source.unsplash.com/200x200/?TRIMAX+PEN
TRIMAX REFILL,PENS,PIECES,25,https://source.unsplash.com/200x200/?TRIMAX+REFILL
Umbrella 2 fold,SELF CARE,NUMBERS,270,https://source.unsplash.com/200x200/?Umbrella+2+fold
Umbrella 3 fold,SELF CARE,NUMBERS,300,https://source.unsplash.com/200x200/?Umbrella+3+fold
Uncle Chips PS Rs.20,SNACKS,PACKS,20,https://source.unsplash.com/200x200/?Uncle+Chips+PS+Rs.20
Uncle Chips ST Rs.20,SNACKS,PACKS,20,https://source.unsplash.com/200x200/?Uncle+Chips+ST+Rs.20
V7 Pilot Pen,STATIONARY,NUMBERS,60,https://source.unsplash.com/200x200/?V7+Pilot+Pen
Vicks cough drops,CHOCOLATE,NUMBERS,2,https://source.unsplash.com/200x200/?Vicks+cough+drops
Vim 15,ROOM ESSENTIALS,NUMBERS,15,https://source.unsplash.com/200x200/?Vim+15
VINNER INHALER 45rs,SELF CARE,NUMBERS,45,https://source.unsplash.com/200x200/?VINNER+INHALER+45rs
Wall Hook,ROOM ESSENTIALS,PAIRS,15,https://source.unsplash.com/200x200/?Wall+Hook
WALLET ALLEN SOLLY 550rs,SELF CARE,NUMBERS,550,https://source.unsplash.com/200x200/?WALLET+ALLEN+SOLLY+550rs
WALLET FERRAGAMO 635rs,SELF CARE,NUMBERS,635,https://source.unsplash.com/200x200/?WALLET+FERRAGAMO+635rs
WALLET WOODLANDS 585rs,SELF CARE,NUMBERS,585,https://source.unsplash.com/200x200/?WALLET+WOODLANDS+585rs
walnut 100g,DRY FRUITS,GRAMMES,210,https://source.unsplash.com/200x200/?walnut+100g
WATER BOTTLE 3IN1,BOTTLES,N/A,380,https://source.unsplash.com/200x200/?WATER+BOTTLE+3IN1
Water bottle plain Med+ 130rs,BOTTLES,NUMBERS,130,https://source.unsplash.com/200x200/?Water+bottle+plain+Med++130rs
Water bottle printed 800ml,BOTTLES,NUMBERS,110,https://source.unsplash.com/200x200/?Water+bottle+printed+800ml
Water bottle Rs.50,BOTTLES,NUMBERS,50,https://source.unsplash.com/200x200/?Water+bottle+Rs.50
Water bottle Rs.80,BOTTLES,PIECES,80,https://source.unsplash.com/200x200/?Water+bottle+Rs.80
water bottles ( Hot & cold 600ml ),BOTTLES,N/A,600,https://source.unsplash.com/200x200/?water+bottles+(+Hot+&+cold+600ml+)
Water bottles PLAIN,BOTTLES,NUMBERS,100,https://source.unsplash.com/200x200/?Water+bottles+PLAIN
Water bottles PRINTED,BOTTLES,NUMBERS,150,https://source.unsplash.com/200x200/?Water+bottles+PRINTED
Wet wipes,SELF CARE,PACKS,55,https://source.unsplash.com/200x200/?Wet+wipes
Wet wipes (Novel 10 wipes),SELF CARE,NUMBERS,40,https://source.unsplash.com/200x200/?Wet+wipes+(Novel+10+wipes)
White Chart,STATIONARY,NUMBERS,10,https://source.unsplash.com/200x200/?White+Chart
White Tape 1 inch,STATIONARY,NUMBERS,20,https://source.unsplash.com/200x200/?White+Tape+1+inch
Whitener,STATIONARY,NUMBERS,30,https://source.unsplash.com/200x200/?Whitener
Whitener 10rs,STATIONARY,PIECES,10,https://source.unsplash.com/200x200/?Whitener+10rs
WK LOVE BITE CHOCO MRP 20,CHOCOLATE,PACKS,20,https://source.unsplash.com/200x200/?WK+LOVE+BITE+CHOCO+MRP+20
XO PEN,PENS,NUMBERS,10,https://source.unsplash.com/200x200/?XO+PEN
XO Pen 20rs,STATIONARY,NUMBERS,20,https://source.unsplash.com/200x200/?XO+Pen+20rs
Yardley soap Rs.80,SELF CARE,PIECES,80,https://source.unsplash.com/200x200/?Yardley+soap+Rs.80
Yellow Chart,STATIONARY,NUMBERS,10,https://source.unsplash.com/200x200/?Yellow+Chart
Yoga bar Rs.100,SNACKS,PIECES,100,https://source.unsplash.com/200x200/?Yoga+bar+Rs.100
Yoga bar Rs.50,SNACKS,NUMBERS,50,https://source.unsplash.com/200x200/?Yoga+bar+Rs.50
yoga bar Rs.60,SNACKS,NUMBERS,60,https://source.unsplash.com/200x200/?yoga+bar+Rs.60
youva mini note pad,STATIONARY,NUMBERS,10,https://source.unsplash.com/200x200/?youva+mini+note+pad
youva mini note pad 20 pcs,Other,PACKS,0,https://source.unsplash.com/200x200/?youva+mini+note+pad+20+pcs
