Item name,Category,Size/Quantity,Price,ImageURL,Image URL
Orbit Gents Wallet,CHOCOLATE,PACKS,5,https://source.unsplash.com/200x200/?Orbit+Gents+Wallet,https://encrypted-tbn0.gstatic.com/images?q=tbn:ANd9GcQ9vm01X4q8H4FYdv1QqBI1gY8YoIYvgqPGx2ZMCtS9VaSq0Vqc5CzTYtmypQ&s
V7 Pilot Pen,Other,,0,https://source.unsplash.com/200x200/?V7+Pilot+Pen,https://encrypted-tbn0.gstatic.com/images?q=tbn:ANd9GcS6BWj3T4JtDVppbvvAbEaP1--avy3pQNrY61Tywu66aO8PJWhzRNBZcjelhA&s
IMIS Note LS 320 Unruled,STATIONARY,NUMBERS,120,https://source.unsplash.com/200x200/?IMIS+Note+LS+320+Unruled,https://encrypted-tbn0.gstatic.com/images?q=tbn:ANd9GcSzmtuu0-wilchgRhDbnqepaPksafHfkN_DNpNexLH6ZcpqezarXGZ1c7b2f3Y&s
Godrej Selfie Hair Colour,SELF CARE,PACKS,15,https://source.unsplash.com/200x200/?Godrej+Selfie+Hair+Colour,https://encrypted-tbn0.gstatic.com/images?q=tbn:ANd9GcQCYvEKi6UqMo48OgwW3eqtb-0F6QjeYLh2LX1CqEnUDW1p1Lkgyoj-ktSf0Q&s
Reynolds Trimax Roller Pen,Other,,0,https://source.unsplash.com/200x200/?Reynolds+Trimax+Roller+Pen,https://encrypted-tbn0.gstatic.com/images?q=tbn:ANd9GcTfBG3oUXBZu_U8MkKlDwBH1I-T46fSr6geEtIEgex4cOgbZG7Bp2pQjDlcPw&s
yellow rose brush,TOILETRIES,NUMBERS,45,https://source.unsplash.com/200x200/?yellow+rose+brush,https://encrypted-tbn0.gstatic.com/images?q=tbn:ANd9GcTyPc_ZH-cgME8mFA-PdJKexG3srQ4m3eXVSBTbuRM_U_9Tz6Q6frQhcJErHg&s
50-50 62.8G 108 BAZOOKA PK,SNACKS,PACKS,10,https://source.unsplash.com/200x200/?50-50+62.8G+108+BAZOOKA+PK,https://encrypted-tbn0.gstatic.com/images?q=tbn:ANd9GcSoPOH0hHJ7HuHEpUW8q2zXeKdvMD2PdCMz0ocwdcDJotvUYWwfpsLL9CuMflQ&s
50-50 MASKA CHASKA 38G 96 PK,SNACKS,PACKS,10,https://source.unsplash.com/200x200/?50-50+MASKA+CHASKA+38G+96+PK,https://encrypted-tbn0.gstatic.com/images?q=tbn:ANd9GcS6H9yQo8Uz4IulgV2UjvWbPIQcHqAV7K0D9A4RdEYOBlFqvdsVCDJCLzmLmg&s
classic Rs.10,BISCUITS,PIECES,10,https://source.unsplash.com/200x200/?classic+Rs.10,https://encrypted-tbn0.gstatic.com/images?q=tbn:ANd9GcTxGSsIHhcT3uonf5Cv0pCurr7SOidSS7sEKqIT-Gs3Csrfnsz3ovQu3rp0Ucg&s
A2B BHUJIA 5rs,SNACKS,,5,https://source.unsplash.com/200x200/?A2B+BHUJIA+5rs,https://encrypted-tbn0.gstatic.com/images?q=tbn:ANd9GcRkpx3ColDjd0HhK4B36SvteOxFgCQ7r81wr0fb7fvZkT1bowDBn4aV5kRnf3U&s
A2B MIXTURE,SNACKS,PACKS,5,https://source.unsplash.com/200x200/?A2B+MIXTURE,https://encrypted-tbn0.gstatic.com/images?q=tbn:ANd9GcRIR6P-i2fSeFMrWS7N-PKR4n9j4UPNI9cZkkJJZOcSfhJoDEdmN8BLR3mJx8E&s
A2B PEANUT,SNACKS,,5,https://source.unsplash.com/200x200/?A2B+PEANUT,https://encrypted-tbn0.gstatic.com/images?q=tbn:ANd9GcQ4i6KbqVrNYZKnux4KGV--ZFoY4BQvSCafTrHSu4NCP9T0Fx0KnvXnS9O_smU&s
A4 leaf,STATIONARY,PIECES,5,https://source.unsplash.com/200x200/?A4+leaf,https://encrypted-tbn0.gstatic.com/images?q=tbn:ANd9GcToUB6htTCGYA1oJHupHo0zA0sD3jXWpXlhZETT_CWDWN5Xx0037OSLi_QEoQ&s
A4 sheets,STATIONARY,NUMBERS,1,https://source.unsplash.com/200x200/?A4+sheets,https://encrypted-tbn0.gstatic.com/images?q=tbn:ANd9GcSCzN5EhqyHo4uD4fP5cVjQ5beNUjfPSqhcF7QdHEEKKwrEXG71EFIU9AjwHyI&s
A4 Spiral 180 Pg R/UR 125/-,Other,,0,https://source.unsplash.com/200x200/?A4+Spiral+180+Pg+R/UR+125/-,https://encrypted-tbn0.gstatic.com/images?q=tbn:ANd9GcSINkWlv3xRiqFZvbAlZNT6pF0Jzkr4dYiOklRRbNKMy3jzjkCkrOBPRb5MlW4&s
A4 Spiral 300 Pg- 5Sub-R/UR Rs.185,Other,NUMBERS,185,https://source.unsplash.com/200x200/?A4+Spiral+300+Pg-+5Sub-R/UR+Rs.185,https://encrypted-tbn0.gstatic.com/images?q=tbn:ANd9GcQysbHQoQg8RUUMN_7yc389gkaLnJv2QbuOzI2Q0iGJkp1KZeL49f0sV7ur7YY&s
A4 Spiral 400 Pg-5sub-R/UR Rs.240,Other,,0,https://source.unsplash.com/200x200/?A4+Spiral+400+Pg-5sub-R/UR+Rs.240,https://encrypted-tbn0.gstatic.com/images?q=tbn:ANd9GcQIphrKF7fmG8kZ2tyzXmTiKB3WzGUxEyZHp-xR7de5N25M4C_BU3ASchb1vV4&s
A4 Spiral 500 Pg R - 270/-,Other,,0,https://source.unsplash.com/200x200/?A4+Spiral+500+Pg+R+-+270/-,https://encrypted-tbn0.gstatic.com/images?q=tbn:ANd9GcT65r-907LMLbH7Wgq1TNNhckSkyR_AVLaDnguJ3c6D7BrBW4Chdj3MvcesOw&s
A5 Spiral 180Pgs R/UR 65/-,Other,,0,https://source.unsplash.com/200x200/?A5+Spiral+180Pgs+R/UR+65/-,https://encrypted-tbn0.gstatic.com/images?q=tbn:ANd9GcS0Fr5SmWlSjDDnAkeJ05P0DAvaJk5VgcR-dkeMBoVUvMC7UL4VeDd10_FVpQ&s
ALL OUT,ROOM ESSENTIALS,,105,https://source.unsplash.com/200x200/?ALL+OUT,https://encrypted-tbn0.gstatic.com/images?q=tbn:ANd9GcTt8eg41zOOCn4v6tDoVGT2qFLIVm88zoJ3CAKPciW5sbimUHpxf1piu_eo2A&s
All out refil,ROOM ESSENTIALS,NUMBERS,89,https://source.unsplash.com/200x200/?All+out+refil,https://encrypted-tbn0.gstatic.com/images?q=tbn:ANd9GcSMvff86OvgDGZnMUat3YIuY0BpadVZ2jpW0w5tu0BjUa65grBw7ir5yic5BFs&s
All out spray,SELF CARE,,125,https://source.unsplash.com/200x200/?All+out+spray,https://encrypted-tbn0.gstatic.com/images?q=tbn:ANd9GcT55AOLrkQFbSjMWlpoFZfSmHmvmK2teLvXbmqYief0cnZxU93ONqzn9SOy8BA&s
ALMOND OIL 100ML 75,SELF CARE,BOTTLES,75,https://source.unsplash.com/200x200/?ALMOND+OIL+100ML+75,https://encrypted-tbn0.gstatic.com/images?q=tbn:ANd9GcT5pc5fJdPpRTuSB0rtQGXMW0LH-JO_VYYwIqaVP9rG-pPXIGmc0BgIrrPjzA&s
Amirthanjan Roll on,SELF CARE,NUMBERS,40,https://source.unsplash.com/200x200/?Amirthanjan+Roll+on,https://encrypted-tbn0.gstatic.com/images?q=tbn:ANd9GcQnFYy_meVaWKDasp-ttbDq3SjWMhnI5Kw4R8fAC0RQHbkCYbecdmNUoX70ew&s
AMUL BELGIAN CHOCOLATE,CHOCOLATE,NUMBERS,180,https://source.unsplash.com/200x200/?AMUL+BELGIAN+CHOCOLATE,https://encrypted-tbn0.gstatic.com/images?q=tbn:ANd9GcQ84rcDYf1UOMr59z9ZmCVrUIj8ASU6dR9WzYaEgVnI66A7wSJC8fCpndPEwA&s
AMUL CHOCO CRACKER 180rs,CHOCOLATE,NUMBERS,180,https://source.unsplash.com/200x200/?AMUL+CHOCO+CRACKER+180rs,https://encrypted-tbn0.gstatic.com/images?q=tbn:ANd9GcTTfXVXD0HETnwZ3JOkKqKZt12CUnqRxkxJoU5V100tvmxjqoYJZmbD8lZ_vQ&s
Amul dark chocolate 200rs,CHOCOLATE,NUMBERS,200,https://source.unsplash.com/200x200/?Amul+dark+chocolate+200rs,https://encrypted-tbn0.gstatic.com/images?q=tbn:ANd9GcSyvcci10VXuNg6qXN9s1SvIGAgvkHfQTUFS-jVIIuX9vTEjkxu63p9tvlLSA&s
AMUL MILK CHOCOLATE  200rs,CHOCOLATE,NUMBERS,200,https://source.unsplash.com/200x200/?AMUL+MILK+CHOCOLATE++200rs,https://encrypted-tbn0.gstatic.com/images?q=tbn:ANd9GcTq-8Lgr5nwPpjfR_r-g8-dd93octxXj8HYGkeY6oNDUjbsSKGFHfCNTgP19w&s
Apsara pencil,STATIONARY,NUMBERS,7,https://source.unsplash.com/200x200/?Apsara+pencil,https://encrypted-tbn0.gstatic.com/images?q=tbn:ANd9GcS_X_K5W3jbaoKP4BdKFU86k9UBD1vYHCYfS5G4-CWi_Q8hsM8z5JT1-UmFTA&s
Arial liquid 1L,SELF CARE,PACKS,179,https://source.unsplash.com/200x200/?Arial+liquid+1L,https://encrypted-tbn0.gstatic.com/images?q=tbn:ANd9GcSXj0nEoRAwgaafurQ7Z4kwc0H8Wc3Ol2cSWmaxcvp4j9_dDB-Bw7hhiKQhuwk&s
Arial powder,TOILETRIES,PACKS,10,https://source.unsplash.com/200x200/?Arial+powder,https://encrypted-tbn0.gstatic.com/images?q=tbn:ANd9GcQvu_D198ckgPjBLsDVuFHRp0aN61ibPDXa5R-GLsnsRL2SqWsOG-A6nd2LPjs&s
Astronaut note book,NOTEBOOK,,40,https://source.unsplash.com/200x200/?Astronaut+note+book,https://encrypted-tbn0.gstatic.com/images?q=tbn:ANd9GcQo5NyNLa8H7xioE3PMwlwTFNRkCaPE5Qvp0UXZB_hiHhXMKtbgRSVfLIGsVQ&s
AVELIA ALOE VERA BODY WASH,SELF CARE,BOTTLES,180,https://source.unsplash.com/200x200/?AVELIA+ALOE+VERA+BODY+WASH,https://encrypted-tbn0.gstatic.com/images?q=tbn:ANd9GcSGKSeAxL23ijGbUWFf3xrfpQNx-9t3vy6UmdYoPKEasyMkSqmUOZZA0qfrxQ&s
AVELIA ALOE VERA MOISTURIZING  100ML,SELF CARE,NUMBERS,99,https://source.unsplash.com/200x200/?AVELIA+ALOE+VERA+MOISTURIZING++100ML,https://encrypted-tbn0.gstatic.com/images?q=tbn:ANd9GcTfYzdZ_dZKK4IrbBxYI4VR9JhJIkg_npzLFkgxv5guVcaafw3plhPqAxjn8w&s
AVELIA ANTI DANDRUFF 200ML SHAMPOO,SELF CARE,BOTTLES,149,https://source.unsplash.com/200x200/?AVELIA+ANTI+DANDRUFF+200ML+SHAMPOO,https://encrypted-tbn0.gstatic.com/images?q=tbn:ANd9GcTiwFBGDtVmyh0KU4q5iHg3XGHPsPZ3u8T9ZAFNWo-r04JEMwNOeXE3Ay8BSxA&s
AVELIA BRITISH ROSE BODY WASH,SELF CARE,BOTTLES,199,https://source.unsplash.com/200x200/?AVELIA+BRITISH+ROSE+BODY+WASH,https://encrypted-tbn0.gstatic.com/images?q=tbn:ANd9GcTwjbLu5U4JWBxDZ6nJlHMWbEToDbalRrxdx2-wVZmJfZNfC1mYYvRzidHWBGs&s
AVELIA COCONUT OIL 200ML,SELF CARE,BOTTLES,199,https://source.unsplash.com/200x200/?AVELIA+COCONUT+OIL+200ML,https://encrypted-tbn0.gstatic.com/images?q=tbn:ANd9GcQ8UTL3OIQKO-st32_B61S6Q8E0Eu4gJSN0Iv3hy3rgZCKzuvFsiG0mIVYXnw&s
Avelia hair conditioner 318rs,SELF CARE,NUMBERS,318,https://source.unsplash.com/200x200/?Avelia+hair+conditioner+318rs,https://encrypted-tbn0.gstatic.com/images?q=tbn:ANd9GcQ5luc40zzUnqNry1O2hZ8UxIRQwagu8CCQE_auVDInFINfxqwNNjw7A4e0yA&s
AVELIA HAIR REMOVAL 50GM CREAM,SELF CARE,PACKS,145,https://source.unsplash.com/200x200/?AVELIA+HAIR+REMOVAL+50GM+CREAM,https://encrypted-tbn0.gstatic.com/images?q=tbn:ANd9GcQAQjBbxGLTffVCA-dLWyCGAbVYsy6qNMkLceUymHHyuoDkxMBT1VhGgxYxq0M&s
AVELIA LIME 4X125GM SOAP,SELF CARE,PACKS,200,https://source.unsplash.com/200x200/?AVELIA+LIME+4X125GM+SOAP,https://encrypted-tbn0.gstatic.com/images?q=tbn:ANd9GcRvxV9Wdu1faO6Li5ZQN32knqGhHgRd9Nwdeq_z2J71OJqcL_UMjXnITNB2mlw&s
AVELIA REFRESHING BODY WASH 250ML,SELF CARE,BOTTLES,180,https://source.unsplash.com/200x200/?AVELIA+REFRESHING+BODY+WASH+250ML,https://encrypted-tbn0.gstatic.com/images?q=tbn:ANd9GcQ9YLg_N6W8jZKPqHtXTbrzTRKHVMsSXZfrB58PsX0peOHd34liwh2a0i33Lg&s
Backpack,STATIONARY,NUMBERS,450,https://source.unsplash.com/200x200/?Backpack,https://encrypted-tbn0.gstatic.com/images?q=tbn:ANd9GcSGMcRdAzmayXe8-HiNxKR2gn1zL8pNDsDZvv0Sa-PGZWRjN8TTXg9_3epeKQ&s
Band aid 2rs,SELF CARE,NUMBERS,3,https://source.unsplash.com/200x200/?Band+aid+2rs,https://encrypted-tbn0.gstatic.com/images?q=tbn:ANd9GcQWHJoHhyoLppECxAt0WATO24mQ_n2w5QU03j1rZladrxAbKjbYfF-IuipDww&s
Basil seeds 100g,DRY FRUITS,GRAMMES,70,https://source.unsplash.com/200x200/?Basil+seeds+100g,https://encrypted-tbn0.gstatic.com/images?q=tbn:ANd9GcRUu7gRoCGiXgitT-n0pnSZGM6Wnw4gvKdav5ij_YlpwvTw9wCwY30XEfP0jA&s
Bath scrub,SELF CARE,NUMBERS,30,https://source.unsplash.com/200x200/?Bath+scrub,https://encrypted-tbn0.gstatic.com/images?q=tbn:ANd9GcSFY0rQgAKLfnwUK1NCg6F1E8YcDmyjeolHW803TtdDrCuKWgaI9dn-ayODmNs&s
Bath towel (Turkey),TOILETRIES,,320,https://source.unsplash.com/200x200/?Bath+towel+(Turkey),https://encrypted-tbn0.gstatic.com/images?q=tbn:ANd9GcSbKWCd3GYO2t-LwkkfcMulBB1Y51a4JrVluBQVRGnjLQDfgsAh6yt95-qtog&s
BAULI CHOCO MRP 25,CHOCOLATE,PACKS,25,https://source.unsplash.com/200x200/?BAULI+CHOCO+MRP+25,https://encrypted-tbn0.gstatic.com/images?q=tbn:ANd9GcQQud4jrf2pVortGyHAzSJn80H4-ecOtK2Zb-I7jhhJLvmCd-J2gekDgD-or34&s
BAULI STR MRP 25,CHOCOLATE,PACKS,25,https://source.unsplash.com/200x200/?BAULI+STR+MRP+25,https://encrypted-tbn0.gstatic.com/images?q=tbn:ANd9GcRcWpPbKlj5BzXyjik8V6hw8fw6RYqDqJ4JuGPgfjuNH5pxM0B71wpf-tnEgw&s
BAULI VANILLA MRP 25,CHOCOLATE,PACKS,25,https://source.unsplash.com/200x200/?BAULI+VANILLA+MRP+25,https://encrypted-tbn0.gstatic.com/images?q=tbn:ANd9GcSMDFQY__Fdwhpbwqp9ibObStCnF5gJ7m4INoPfNNF2V0BzeDBex8CWbTOI&s
BEW BODY DEODRANT FALL150ML,SELF CARE,NUMBERS,199,https://source.unsplash.com/200x200/?BEW+BODY+DEODRANT+FALL150ML,https://encrypted-tbn0.gstatic.com/images?q=tbn:ANd9GcRIpDWhgE99zbli5QxKekWFsrqO1mjYIAvse4wqijML0b_WQcTBw0AKfCe96Q&s
BEW BODY DEODRANT SPICY SPORT 150ML,SELF CARE,NUMBERS,199,https://source.unsplash.com/200x200/?BEW+BODY+DEODRANT+SPICY+SPORT+150ML,https://encrypted-tbn0.gstatic.com/images?q=tbn:ANd9GcRWFor2rAUFOVz1P4gorj2XPC2KOMeSysC-Vs6of5XpoDH2dH3dQBeZERSeNRQ&s
BEW COCONUT MILK MOISTURAISING LOTION,SELF CARE,NUMBERS,199,https://source.unsplash.com/200x200/?BEW+COCONUT+MILK+MOISTURAISING+LOTION,https://encrypted-tbn0.gstatic.com/images?q=tbn:ANd9GcTHpiGdrk_GA2J9J9CmFc8bQ9BZjqqW87_E-dbyIFGNwJ7xB0-3Bp9Q7i1n2g&s
BEW SMOOTH & SILKY 300ML SHAMPOO,SELF CARE,BOTTLES,160,https://source.unsplash.com/200x200/?BEW+SMOOTH+&+SILKY+300ML+SHAMPOO,https://encrypted-tbn0.gstatic.com/images?q=tbn:ANd9GcTz408fRkApo3nAAjyE1a-V3bp77z-nG5rfll2gbmMqdO3P_nRNzHUSVUUgviA&s
bew soap Rs.50,Other,,0,https://source.unsplash.com/200x200/?bew+soap+Rs.50,https://encrypted-tbn0.gstatic.com/images?q=tbn:ANd9GcTr63AdyXFMc1c7IwrElhAZAUQAr7vPTwHtjaRHaB9y-krigWXJRO1GxSJAqA&s
BEW TAN REMOVAL PAPAYA FACE WASH SCRUB 60GM,SELF CARE,PACKS,120,https://source.unsplash.com/200x200/?BEW+TAN+REMOVAL+PAPAYA+FACE+WASH+SCRUB+60GM,https://encrypted-tbn0.gstatic.com/images?q=tbn:ANd9GcQU6dGxt-EYUhM4-DBC8int8ZER93VYFaVJm1moTCdOFsjFqFewf-PWieRwGrU&s
BEW THICK & STRONG 300ML SHAMPOO,SELF CARE,BOTTLES,160,https://source.unsplash.com/200x200/?BEW+THICK+&+STRONG+300ML+SHAMPOO,https://encrypted-tbn0.gstatic.com/images?q=tbn:ANd9GcQERVCdlDlrx6t1YFMtk9RRwi1tfVuh-wsjjpc4KpLSxDsehZ1HnzfsJLBaR1U&s
BEW VITAMIN C 100ML FACE WASH,SELF CARE,NUMBERS,199,https://source.unsplash.com/200x200/?BEW+VITAMIN+C+100ML+FACE+WASH,https://encrypted-tbn0.gstatic.com/images?q=tbn:ANd9GcS78N9-ccXc6-C1dQ_2IIHvpcL5WrP55HUb2-XDiPd1bla3qg4WCZf54YaueQ&s
Bikaneri soan papdi Rs.68,SNACKS,BOX,68,https://source.unsplash.com/200x200/?Bikaneri+soan+papdi+Rs.68,https://encrypted-tbn0.gstatic.com/images?q=tbn:ANd9GcR4zaK6MzwSOppxYWnJG57NP9hGft2rSCvq1wbGL08SqjwKXkVxcnCxU2-qmas&s
BING0 30,SNACKS,PIECES,30,https://source.unsplash.com/200x200/?BING0+30,https://encrypted-tbn0.gstatic.com/images?q=tbn:ANd9GcRK_aY7ZUY8Uah54K8rhwFU-4sGqFW9xNXqcZt5zogEiPRppYmYwtMDBozwTdk&s
BINGO 20,SNACKS,PIECES,20,https://source.unsplash.com/200x200/?BINGO+20,https://encrypted-tbn0.gstatic.com/images?q=tbn:ANd9GcQscYFLwbtzXlZEhHtNN1POribv5o1V3gtszRTtNEpBHcNEraPayRFP-tM3LCk&s
Bingo 50,SNACKS,PACKS,50,https://source.unsplash.com/200x200/?Bingo+50,https://encrypted-tbn0.gstatic.com/images?q=tbn:ANd9GcSIT3NZBzzLzVvPo5qpgrTGuw0-vNn6dBdgTrCsDdoGz85SZpEOR7229l_kYg&s
Black Hit Rs.140,Other,,0,https://source.unsplash.com/200x200/?Black+Hit+Rs.140,https://encrypted-tbn0.gstatic.com/images?q=tbn:ANd9GcQvXLmHKFcHvQIl0EQQl8DyBQHUH8O7-p7aUS5uiObGEs2CSMeuKmx_tuF8s0Y&s
Black raisins 100g,DRY FRUITS,GRAMMES,65,https://source.unsplash.com/200x200/?Black+raisins+100g,https://encrypted-tbn0.gstatic.com/images?q=tbn:ANd9GcTJRWGzIWJckq74nqk9VEdJj-HTyIm4vL3Fss5ZqLAZrfH18pWO-nmqK1Z_odo&s
Blanket,SELF CARE,,639,https://source.unsplash.com/200x200/?Blanket,https://encrypted-tbn0.gstatic.com/images?q=tbn:ANd9GcR1Wh4nbz92aINHiMaGEnK8Vt63Y-fRwpc7drDJOLuoR9Ky8aXQKGWVXs97Fw&s
BODY SCRUB,TOILETRIES,PIECES,30,https://source.unsplash.com/200x200/?BODY+SCRUB,https://encrypted-tbn0.gstatic.com/images?q=tbn:ANd9GcRoLH93MDzyc__4XpjCcIo-MjKyrUnrzaj4zTkvUhUIEJ2qxShj6_JC6xCaMjQ&s
Boomer,CHOCOLATE,PIECES,1,https://source.unsplash.com/200x200/?Boomer,https://encrypted-tbn0.gstatic.com/images?q=tbn:ANd9GcSjmhVzMMZ4aWoksa1rNtZRiX_w71kzXgv-XbsZH6vxteasn5COmsb0lpyHiQ&s
umbrella,SELF CARE,NUMBERS,350,https://source.unsplash.com/200x200/?umbrella,https://encrypted-tbn0.gstatic.com/images?q=tbn:ANd9GcR6kMQgFjuvsK6tMtXcKXTGc17pj0iJ5jhm0c7nZ8dtPzQ9vUylVvDmB3lUo9w&s
BOURBON,BISCUITS,PIECES,10,https://source.unsplash.com/200x200/?BOURBON,https://encrypted-tbn0.gstatic.com/images?q=tbn:ANd9GcRHmiQZRy6k4BY3UxLyaPvFvTP8lpunOJmXmfHwTeqlZfMkaPdcnwRy6NdRtuk&s
Bourbon 25rs,Other,PACKS,25,https://source.unsplash.com/200x200/?Bourbon+25rs,https://encrypted-tbn0.gstatic.com/images?q=tbn:ANd9GcSln2xbmQOfEMQ4TGE6x4zqM18u7lnXlAyGfydcQ2bd9TLku-3ZfmvK_EFQPw&s
Breakfast mix,DRY FRUITS,PACKS,290,https://source.unsplash.com/200x200/?Breakfast+mix,https://encrypted-tbn0.gstatic.com/images?q=tbn:ANd9GcQOur5jPyAV52h0sb2PTMnMTVZ0Zd8f2LAGVGfUfZIaeyE2aRaNzZrjBiAZgw&s
breakfast mix 200gm,DRY FRUITS,GRAMMES,290,https://source.unsplash.com/200x200/?breakfast+mix+200gm,https://encrypted-tbn0.gstatic.com/images?q=tbn:ANd9GcQOur5jPyAV52h0sb2PTMnMTVZ0Zd8f2LAGVGfUfZIaeyE2aRaNzZrjBiAZgw&s
Bri milk cream 10,BISCUITS,PACKS,10,https://source.unsplash.com/200x200/?Bri+milk+cream+10,https://encrypted-tbn0.gstatic.com/images?q=tbn:ANd9GcS-N3eWjl8OZwmfZduYLp2rwL4re24zbX3YMemd0TeqsYXzWGKkUrNulT9uYUw&s
BRI TREAT,BISCUITS,PIECES,10,https://source.unsplash.com/200x200/?BRI+TREAT,https://encrypted-tbn0.gstatic.com/images?q=tbn:ANd9GcRhEn3JIQ94VppdcNCaocNDCXg706AK2GBLfgE8izU8nXPkXOnFkXmoXM3UMrA&s
Bucket 15ltrs 165rs,ROOM ESSENTIALS,NUMBERS,165,https://source.unsplash.com/200x200/?Bucket+15ltrs+165rs,https://encrypted-tbn0.gstatic.com/images?q=tbn:ANd9GcQY4thmTTqQraBo8TGyx-Ln6vwAlR-dlvEQ1vuJPxO8iAx02vRnpCm3-CLyjdI&s
BUGBLOK 100GM MOSQUITO,SELF CARE,NUMBERS,120,https://source.unsplash.com/200x200/?BUGBLOK+100GM+MOSQUITO,https://encrypted-tbn0.gstatic.com/images?q=tbn:ANd9GcRr3tRXT539jrh6obahHD9SLO4VATQBZ9-a7POXY0EqW1QyQ3vuVoZWul5Zwg&s
BUGBLOK 50GM MOSQUITO,SELF CARE,PACKS,70,https://source.unsplash.com/200x200/?BUGBLOK+50GM+MOSQUITO,https://encrypted-tbn0.gstatic.com/images?q=tbn:ANd9GcRr3tRXT539jrh6obahHD9SLO4VATQBZ9-a7POXY0EqW1QyQ3vuVoZWul5Zwg&s
Burfi 10,SNACKS,PIECES,10,https://source.unsplash.com/200x200/?Burfi+10,https://encrypted-tbn0.gstatic.com/images?q=tbn:ANd9GcR7hA23FSIIANRuaGNaNFkW3vYkQSRsIU6hG1N0pCsb5SRgutFFLblRGHco5hc&s
Burfi 5,DRY FRUITS,,5,https://source.unsplash.com/200x200/?Burfi+5,https://encrypted-tbn0.gstatic.com/images?q=tbn:ANd9GcTVa4MmuHUOUgDnIvhRzMUK_P_2wVIN_eG9oVlZg5062ktfGprOzz4WgVGFzg&s
Cadaburry dairy milk 50rs,CHOCOLATE,NUMBERS,50,https://source.unsplash.com/200x200/?Cadaburry+dairy+milk+50rs,https://encrypted-tbn0.gstatic.com/images?q=tbn:ANd9GcSl5f9_vRtURsPYB6iIjP0c4dU55Mvkxtm9yIOSS7hsQrjL-umecKUet8mkqw&s
Cadburry Choco cookie Rs.30,CHOCOLATE,PACKS,30,https://source.unsplash.com/200x200/?Cadburry+Choco+cookie+Rs.30,https://encrypted-tbn0.gstatic.com/images?q=tbn:ANd9GcRCiuO5kVLR3wW6-zcSu61sYJtXqlkMrzvQYQe_y8Z-_WnFzrftYRCVjJyuBNY&s
Cadburry Chocobakes 10rs,CHOCOLATE,NUMBERS,10,https://source.unsplash.com/200x200/?Cadburry+Chocobakes+10rs,https://encrypted-tbn0.gstatic.com/images?q=tbn:ANd9GcQlRBlWjo4WQr1F29Z5Yj4jH6zmn27oGooLyEDEN49lzE2XW51fQV3CcSSoZQ&s
Cadburry dairy milk fruit & nut 55rs,CHOCOLATE,NUMBERS,55,https://source.unsplash.com/200x200/?Cadburry+dairy+milk+fruit+&+nut+55rs,https://encrypted-tbn0.gstatic.com/images?q=tbn:ANd9GcRHL91Wu_8bV4DkW94w2aglJ1dAyHn3etTdzMDZ4sLRuOhKC9E0EdZqjFRb0-s&s
Cadburry Five star 10rs,CHOCOLATE,NUMBERS,10,https://source.unsplash.com/200x200/?Cadburry+Five+star+10rs,https://encrypted-tbn0.gstatic.com/images?q=tbn:ANd9GcRkxBPy9Kb-QxIiSG_Z--IwNE53XnTmeqZFIndCnK3ElO1r-7BpKZamTj3fSg&s
Cadburry Five star 5rs,CHOCOLATE,PIECES,5,https://source.unsplash.com/200x200/?Cadburry+Five+star+5rs,https://encrypted-tbn0.gstatic.com/images?q=tbn:ANd9GcSINvADck3BcLdtV-THyEnZ_ryQ-i01wZeBcNJsX-hDI8lmuI6uaHS5QXqUMw&s
Cadburry oreo 10rs,BISCUITS,NUMBERS,10,https://source.unsplash.com/200x200/?Cadburry+oreo+10rs,https://encrypted-tbn0.gstatic.com/images?q=tbn:ANd9GcSVmns1iBCAclW3Z7u15abK_m9NHw6KV7vkqm9dcHz3llMbfIpPIvmC1muCfw&s
Cadburry Oreo 20rs,BISCUITS,NUMBERS,20,https://source.unsplash.com/200x200/?Cadburry+Oreo+20rs,https://encrypted-tbn0.gstatic.com/images?q=tbn:ANd9GcR1cIYvjRE_qioI52iWZ97Wzgqt7J8YgQf9AvCRoHGc4Upv1r6MPR4odPchfp4&s
Cadburry Oreo vannila 10rs,BISCUITS,NUMBERS,10,https://source.unsplash.com/200x200/?Cadburry+Oreo+vannila+10rs,https://encrypted-tbn0.gstatic.com/images?q=tbn:ANd9GcTWi-ERXngxMEytgGJZ1wsJMjGyFgpvg6IL8eQg9zjPauT7-UOyT8bFj4yJmg&s
Cadburry Perk 10rs,CHOCOLATE,NUMBERS,10,https://source.unsplash.com/200x200/?Cadburry+Perk+10rs,https://encrypted-tbn0.gstatic.com/images?q=tbn:ANd9GcQgZcGML1MaLHAU4kT2mECNK4z1-ZvZKgfkyb7xPq0GHZPEr7epMuwVCc5NrA&s
Calculator normal big,STATIONARY,NUMBERS,300,https://source.unsplash.com/200x200/?Calculator+normal+big,https://encrypted-tbn0.gstatic.com/images?q=tbn:ANd9GcQXUUuNlA0mxZf_ZRux5sihwbw0QNLU8F5_ebo8nhRqY4eksYzlRSV9KabdTG8&s
California almonds 100g,DRY FRUITS,GRAMMES,130,https://source.unsplash.com/200x200/?California+almonds+100g,https://encrypted-tbn0.gstatic.com/images?q=tbn:ANd9GcS0SZ33CTSXwLv7r0cCd6s3HLViPR_BPYijuAlyUklYiEMYOQFC0Odg69t5Bw&s
Camlin A5 King size R/UR 50/-,Other,NUMBERS,0,https://source.unsplash.com/200x200/?Camlin+A5+King+size+R/UR+50/-,https://encrypted-tbn0.gstatic.com/images?q=tbn:ANd9GcSXvlA4VIJ2e_WEEyh41gN7wKfhDPIYtNrQqx5073gOPPCRjHPnm807MNsoem8&s
Camlin CD Marker Rs.10,STATIONARY,NUMBERS,10,https://source.unsplash.com/200x200/?Camlin+CD+Marker+Rs.10,https://encrypted-tbn0.gstatic.com/images?q=tbn:ANd9GcTd9MAxoly1PNAQOuOmU-TtWRJXbuvviImtGLlKUlJ27sDYDdv9mNalovKzSw&s
Camlin lead,STATIONARY,NUMBERS,5,https://source.unsplash.com/200x200/?Camlin+lead,https://encrypted-tbn0.gstatic.com/images?q=tbn:ANd9GcTJ3_X5C6F1oI4nUXp5cbgxJ1Fdq-fT4OOCY-sLR5Y9oYAA4fdv0WUCIGRP-w&s
Camlin ULB 120 Pgs R/UR 50/-,Other,NUMBERS,0,https://source.unsplash.com/200x200/?Camlin+ULB+120+Pgs+R/UR+50/-,https://encrypted-tbn0.gstatic.com/images?q=tbn:ANd9GcSQEM2-1VBOkl8z0-SNE1MEx9d375kEp6EYZfxMmIGJCRZBstdPKn-fMRztRC8&s
Camlin ULB 160 Pgs R/UR 60/-,Other,NUMBERS,0,https://source.unsplash.com/200x200/?Camlin+ULB+160+Pgs+R/UR+60/-,https://encrypted-tbn0.gstatic.com/images?q=tbn:ANd9GcTcKjm2pdXL0i4RDn2L4-HsiVWd5j-RIV-z6FdMwTO0EQve5Qch4byYWQsc7zw&s
Camlin ULB 200Pgs R/UR 90/-,Other,NUMBERS,0,https://source.unsplash.com/200x200/?Camlin+ULB+200Pgs+R/UR+90/-,https://encrypted-tbn0.gstatic.com/images?q=tbn:ANd9GcSm-ZuvdpsE69Mt1vgZhZj_fSCJ8UKBSgXosGa7_Fnc-V02Zy8JUZvSm3IdMw&s
Capsicum plaster 25rs,SELF CARE,PIECES,25,https://source.unsplash.com/200x200/?Capsicum+plaster+25rs,https://encrypted-tbn0.gstatic.com/images?q=tbn:ANd9GcT8DBNgC-vnigl9kfgNIT4WMLQuJl3AeqvYswIZhqTZF-ma5y9UNvD1UXvMtO4&s
Capsule umbrella,SELF CARE,NUMBERS,390,https://source.unsplash.com/200x200/?Capsule+umbrella,https://encrypted-tbn0.gstatic.com/images?q=tbn:ANd9GcSDJ_xRXKYpNSL2BuFxm9IRdwzQ9HI7hseCdRTQ8JkhwUrN2OYw5gY0UMhfzQ&s
carbonix led pencil 10rs,STATIONARY,NUMBERS,10,https://source.unsplash.com/200x200/?carbonix+led+pencil+10rs,https://encrypted-tbn0.gstatic.com/images?q=tbn:ANd9GcSmFztnfKyk76pj-yV2U0etBvFdpHaTd9RjbC5vkRIKpFd4jiWhKKb7enW27FE&s
Cashewnuts 100g,DRY FRUITS,GRAMMES,125,https://source.unsplash.com/200x200/?Cashewnuts+100g,https://encrypted-tbn0.gstatic.com/images?q=tbn:ANd9GcTYmDGjWLsBqsHLNvwKu_goJSQGQcNv610k_P3lFcUTxXVGWeOjqoiV7qGfdt0&s
casio FX-991MS,STATIONARY,NUMBERS,999,https://source.unsplash.com/200x200/?casio+FX-991MS,https://encrypted-tbn0.gstatic.com/images?q=tbn:ANd9GcSmbOo9USabgWx8m64vkjbKFeOCPsicqdhleib2w9eBXTMCmNPUdtIkdk0zOPs&s
casio fx-991ms second,STATIONARY,NUMBERS,999,https://source.unsplash.com/200x200/?casio+fx-991ms+second,https://encrypted-tbn0.gstatic.com/images?q=tbn:ANd9GcSmbOo9USabgWx8m64vkjbKFeOCPsicqdhleib2w9eBXTMCmNPUdtIkdk0zOPs&s
cello gripper pen 10rs,STATIONARY,PIECES,10,https://source.unsplash.com/200x200/?cello+gripper+pen+10rs,https://encrypted-tbn0.gstatic.com/images?q=tbn:ANd9GcQZ_6U9r1NDMP28Uw_OfOEgiLRi2hxtWQpJvvPn4UKP3zFyTBoDbr3X9U78HoU&s
Cellotape small,STATIONARY,NUMBERS,10,https://source.unsplash.com/200x200/?Cellotape+small,https://encrypted-tbn0.gstatic.com/images?q=tbn:ANd9GcRMLjMezCTzwoTCBE3gIUcm-VcMZcxAP1jMZeZUSoVR2BCqEG7kp0f9DuqBMQ&s
Center fresh 1rs,CHOCOLATE,PIECES,1,https://source.unsplash.com/200x200/?Center+fresh+1rs,https://encrypted-tbn0.gstatic.com/images?q=tbn:ANd9GcT8uX5OjqIr2A-i9snyOjXvWUJlyVQNhaOdBjLk2FF3wedql61g5mauNmuRtA&s
Cheetos C Puffs 28g,SNACKS,PACKS,10,https://source.unsplash.com/200x200/?Cheetos+C+Puffs+28g,https://encrypted-tbn0.gstatic.com/images?q=tbn:ANd9GcSWIqLJlbgbdPas7k76zMSitg21dspCsr8YNZLAcFFCvEPQ5PaK45-g1VvDsQ&s
Cheetos M Balls 28g,SNACKS,PACKS,10,https://source.unsplash.com/200x200/?Cheetos+M+Balls+28g,https://encrypted-tbn0.gstatic.com/images?q=tbn:ANd9GcSfchVOsA0i0PmTNy53JhH_0MvDJbVx3F_s5JuVbvDH20WZoZhNOabvGm8mdA&s
Cherry Rs.113,Other,,0,https://source.unsplash.com/200x200/?Cherry+Rs.113,https://encrypted-tbn0.gstatic.com/images?q=tbn:ANd9GcRooJs1uTOcIcqBNw40BvbiSdE_wOwP3n7zlpK9S-mXQzCIzuBm_oDQGLlLRQ&s
Chia seed 100g,DRY FRUITS,GRAMMES,65,https://source.unsplash.com/200x200/?Chia+seed+100g,https://encrypted-tbn0.gstatic.com/images?q=tbn:ANd9GcT3--XqmFLPbcrCVc-c3ERI7AvpW4ToLRra4nmvK-eUycMVxAjHwMzEFoD0NA&s
CHOCO PIE,BISCUITS,BOX,10,https://source.unsplash.com/200x200/?CHOCO+PIE,https://encrypted-tbn0.gstatic.com/images?q=tbn:ANd9GcRRbfSpg9BOS3NPhaNqJ_K52ckok2LIxh1lwjwaJTWkt2DQd0m_FHYLY2NmXbM&s
Choco pie Rs.15,CHOCOLATE,NUMBERS,15,https://source.unsplash.com/200x200/?Choco+pie+Rs.15,https://encrypted-tbn0.gstatic.com/images?q=tbn:ANd9GcTZ1_ZCriRP0mOp9U-dujqK_o-ZzIxezTTDJ8p1YRdYxcq1xBZFfwp1X3FkHQ&s
Chocobakes Rs.180,BISCUITS<> CHOCOLATE,BOX,180,https://source.unsplash.com/200x200/?Chocobakes+Rs.180,https://encrypted-tbn0.gstatic.com/images?q=tbn:ANd9GcQhQUMfz0MYbqI-QFJZduIoielaooY1ArxKPCRmPEWbXO7inLdYb7FO4X4R5oI&s
Chocolate 1rs,CHOCOLATE,,1,https://source.unsplash.com/200x200/?Chocolate+1rs,https://encrypted-tbn0.gstatic.com/images?q=tbn:ANd9GcTqRDB6_hXXAAfnP_QFbXJcd2uhl55fhatHQp-ePO4He2CmoS9VElCAk1SDLA&s
Cinthol 10rs,SELF CARE,PIECES,10,https://source.unsplash.com/200x200/?Cinthol+10rs,https://encrypted-tbn0.gstatic.com/images?q=tbn:ANd9GcRauDuBuyM1qwwPdeEcjI61rLyeNOdKedXMMcfQlGEfrDmrtSZkowmHsdZH0A&s
cinthol 50,SELF CARE,PIECES,50,https://source.unsplash.com/200x200/?cinthol+50,https://encrypted-tbn0.gstatic.com/images?q=tbn:ANd9GcTAS3A3TetTG70b6YSX_6xVsoD_d-U71LwZ_skHQV6NHVHBfwOboli2AFcsrw&s
cinthol 65rs,SELF CARE,PIECES,65,https://source.unsplash.com/200x200/?cinthol+65rs,https://encrypted-tbn0.gstatic.com/images?q=tbn:ANd9GcSjg3wUQfans7Y9qt8oczVsXLMIquQsW_JqV60FmcOwt2g3nkK0RYgu2zXv7Jg&s
cinthol blue 50rs,SELF CARE,NUMBERS,50,https://source.unsplash.com/200x200/?cinthol+blue+50rs,https://encrypted-tbn0.gstatic.com/images?q=tbn:ANd9GcTAwkPSNjQPKB3SDlYxtL3DezswNuOvPDb7qEpyzHWzAGZmPwZecGGjiyC4Bnk&s
cinthol original 45rs,SELF CARE,NUMBERS,45,https://source.unsplash.com/200x200/?cinthol+original+45rs,https://encrypted-tbn0.gstatic.com/images?q=tbn:ANd9GcT-FHJv7ag1u3A960UNq4vWrbSR1lD-RDWNYhK_7kmjUHZ2IUQBnB-u2K9QbA&s
CITICAL scientific calculator CT-991MS,STATIONARY,NUMBERS,680,https://source.unsplash.com/200x200/?CITICAL+scientific+calculator+CT-991MS,https://encrypted-tbn0.gstatic.com/images?q=tbn:ANd9GcQ7ASqIRyG0b3uvc79tHT432bC1cX116Gsb1274PnVN4GX86U1FqjB7jtlKQ00&s
Claro pen 7rs,STATIONARY,NUMBERS,10,https://source.unsplash.com/200x200/?Claro+pen+7rs,https://encrypted-tbn0.gstatic.com/images?q=tbn:ANd9GcRGfX_BfIR73Za7osLya40BGVWz0Q-RYFz0FQXYyR7EcVnCcm2d4vyDWJASfd0&s
Clifornia almond,DRY FRUITS,GRAMMES,130,https://source.unsplash.com/200x200/?Clifornia+almond,https://encrypted-tbn0.gstatic.com/images?q=tbn:ANd9GcQf-uGUz_FbJqz0THscQVodqS8P1QspPNKfC0ejkpNuBJ3sJP3tQKkyh8qL7g&s
Clips,ROOM ESSENTIALS,,25,https://source.unsplash.com/200x200/?Clips,https://encrypted-tbn0.gstatic.com/images?q=tbn:ANd9GcTYlrVjy2pHBGOxQsrFbtxoCMdKrXAl05Ch6E6pZCz8UYlxZG2jksPlhh3m95Q&s
cloth brush,ROOM ESSENTIALS,PIECES,50,https://source.unsplash.com/200x200/?cloth+brush,https://encrypted-tbn0.gstatic.com/images?q=tbn:ANd9GcQysy8_7qFyD0XJciPNmcm_Y1HbsTyuymHfGTQbh6QZmLnEgbuc1BIR6NhXkoo&s
Coconut hair oil,SELF CARE,PACKS,20,https://source.unsplash.com/200x200/?Coconut+hair+oil,https://encrypted-tbn0.gstatic.com/images?q=tbn:ANd9GcQXWvKockB5Tcm4Ynx3WekYo0cGxaG73RNNCTMFbXEG4qvNBDAPcI_YEHcdEw&s
Colgate Active Salt Paste Rs.20 Pack,Other,,0,https://source.unsplash.com/200x200/?Colgate+Active+Salt+Paste+Rs.20+Pack,https://encrypted-tbn0.gstatic.com/images?q=tbn:ANd9GcSFh0QybvYDc1u_LYQPE6D-8XjjWNbgF5WZ78psv-FezGPh-W3V1qfOWNxWLR0&s
comb 15rs,SELF CARE,PIECES,15,https://source.unsplash.com/200x200/?comb+15rs,https://encrypted-tbn0.gstatic.com/images?q=tbn:ANd9GcT4IKggcTVZwW10ZgWWTHM6DrExm_IE92fdsgh8ja4Wz3xPIcOYtXd26fOXOS4&s
comfort 5rs,SELF CARE,PACKS,5,https://source.unsplash.com/200x200/?comfort+5rs,https://encrypted-tbn0.gstatic.com/images?q=tbn:ANd9GcQoTQSU3X2itV31KeOyuWeES7mRWBLU7nOVGd0tpXw8BERa4GnRn0_sZACfEQ&s
Cotton roll,SELF CARE,PACKS,30,https://source.unsplash.com/200x200/?Cotton+roll,https://encrypted-tbn0.gstatic.com/images?q=tbn:ANd9GcRxbbzQ-sRWYzx03-nFy7H-l0EjOu6MHR2lZ263rXadvDFKJNhLVkrXUmYePIU&s
Cotton socks,SELF CARE,PACKS,160,https://source.unsplash.com/200x200/?Cotton+socks,https://encrypted-tbn0.gstatic.com/images?q=tbn:ANd9GcT6_IdmSHZRQqsBw4ba306TYROJGxdqF1Lr6JXDTg5cGpRY6Rx4NRK6CQ5MRA&s
Cotton towel 30x60,TOILETRIES,NUMBERS,145,https://source.unsplash.com/200x200/?Cotton+towel+30x60,https://encrypted-tbn0.gstatic.com/images?q=tbn:ANd9GcQX3Py9rurcJoMOOfAQkXHijkTGvwk3XaMjhTFnkSEeAmGD56nSINOW_Dng-9c&s
cranberry 100,DRY FRUITS,PACKS,90,https://source.unsplash.com/200x200/?cranberry+100,https://encrypted-tbn0.gstatic.com/images?q=tbn:ANd9GcTlWMBWDotoYxVjk-UoEUgDbuVgzGgZyFQieZTShygyjx264wIZQMNwb_3pxA&s
Crax bhujia Rs.10,SNACKS,PACKS,10,https://source.unsplash.com/200x200/?Crax+bhujia+Rs.10,https://encrypted-tbn0.gstatic.com/images?q=tbn:ANd9GcSeRifnh9yPd5DTE0T-Ek7lANTy9RUWoRvdtWnk1GaEU2eExnF-e04tbrV2cQ&s
Crax mattar Rs.10,SNACKS,PACKS,10,https://source.unsplash.com/200x200/?Crax+mattar+Rs.10,https://encrypted-tbn0.gstatic.com/images?q=tbn:ANd9GcTTEXRhgKqSzhkJ6bT5n3p44nW9k8Vcv4hPkse1mM5n7Q8OMsvodUW8ZZDGVp4&s
Crax moongdal Rs.10,SNACKS,,10,https://source.unsplash.com/200x200/?Crax+moongdal+Rs.10,https://encrypted-tbn0.gstatic.com/images?q=tbn:ANd9GcTa-8oqimhaQZMSfmC84OzQadDx0Z3PU7W7ipj4XILMnxo-LBuhAyWdTZIO5Nc&s
CROISSANT COCOA GT,CHOCOLATE,NUMBERS,20,https://source.unsplash.com/200x200/?CROISSANT+COCOA+GT,https://encrypted-tbn0.gstatic.com/images?q=tbn:ANd9GcSn8d0G-ybuphKg8h4__vx7nrd6AEXsJ0D4U-H_C1kEfvGyXDukLdPbVxl5YQ&s
CROISSANT VANILLA GT,BISCUITS<> CHOCOLATE,PACKS,20,https://source.unsplash.com/200x200/?CROISSANT+VANILLA+GT,https://encrypted-tbn0.gstatic.com/images?q=tbn:ANd9GcQGIRsBuwREqzCx9wr_2CU7tD5VpLDhj5O350jf1C4QjrPBsHfEMb-0aSlLXw&s
Cucumber seed 100g,DRY FRUITS,GRAMMES,115,https://source.unsplash.com/200x200/?Cucumber+seed+100g,https://encrypted-tbn0.gstatic.com/images?q=tbn:ANd9GcRewpi90g1gB9rEHXdVI2ETRDUQcqOfblyyxfJ1WyJdQKhgtI-dGIa7hg6NiDA&s
Cucumber seed 250g,DRY FRUITS,GRAMMES,245,https://source.unsplash.com/200x200/?Cucumber+seed+250g,https://encrypted-tbn0.gstatic.com/images?q=tbn:ANd9GcT_jDSr3Yf6Li6Zql46ndg01JYBIiOe018KbSkm37zK_883GkXWIXfwCrJOA6s&s
DAIRY MILK 10rs,CHOCOLATE,PIECES,10,https://source.unsplash.com/200x200/?DAIRY+MILK+10rs,https://encrypted-tbn0.gstatic.com/images?q=tbn:ANd9GcRbUzkwitpyiw1P13XSac3iaYrZEVhvxuiMzfom-GQxapgFShgoAFEwool_og&s
Dairymilk 100rs,CHOCOLATE,PIECES,100,https://source.unsplash.com/200x200/?Dairymilk+100rs,https://encrypted-tbn0.gstatic.com/images?q=tbn:ANd9GcQkKxJJizzXbVi_glo6zAjj3Uw3ACBVBx4AnB1SnCsFMqXgGUpMZkOk7AOyvQ&s
Dairymilk 50,CHOCOLATE,PIECES,50,https://source.unsplash.com/200x200/?Dairymilk+50,https://encrypted-tbn0.gstatic.com/images?q=tbn:ANd9GcRriNDCFBhjgR66Z8sZk7VbE0XjeNCI4GlhhbaRjnP9tQdOiViMzD3RLYX9cw&s
DARK FANTASY,BISCUITS,PIECES,40,https://source.unsplash.com/200x200/?DARK+FANTASY,https://encrypted-tbn0.gstatic.com/images?q=tbn:ANd9GcTsoeKkok5xlnLM-TdyF5HbmhU7hgM6m4KpwfuC7jMs9dafiFwI8h4Nz4hvrIw&s
Dark Fantasy,BISCUITS,PIECES,40,https://source.unsplash.com/200x200/?Dark+Fantasy,https://encrypted-tbn0.gstatic.com/images?q=tbn:ANd9GcTsoeKkok5xlnLM-TdyF5HbmhU7hgM6m4KpwfuC7jMs9dafiFwI8h4Nz4hvrIw&s
Dates 500gms,DRY FRUITS,GRAMMES,250,https://source.unsplash.com/200x200/?Dates+500gms,https://encrypted-tbn0.gstatic.com/images?q=tbn:ANd9GcT9FrgpMRRAknWR1BuNGrr1K90toVL_xVXibFx7cstIP-VqHgwiKy6OjUlB8w&s
dates syrup 400g,DRY FRUITS,BOTTLES,240,https://source.unsplash.com/200x200/?dates+syrup+400g,https://encrypted-tbn0.gstatic.com/images?q=tbn:ANd9GcQiAlR-qVB0c7RYmA0rXtU_pVXYvNf4AGqzxYRuy6nc5VmzFNqPrDr9d35bCA&s
Denver body spray 80,SELF CARE,PIECES,80,https://source.unsplash.com/200x200/?Denver+body+spray+80,https://encrypted-tbn0.gstatic.com/images?q=tbn:ANd9GcRd2TCVqY759o71oLL-oc9FQ9kqjI2Fo91zTTjHJMuOpZs_DTcidngQF2Yjb34&s
Dettol,TOILETRIES,BOTTLES,45,https://source.unsplash.com/200x200/?Dettol,https://encrypted-tbn0.gstatic.com/images?q=tbn:ANd9GcT5awrkpjRPA1FPhqgb5t0IYNWYljZ9S7PH-vbrPNTKDJECyfr7ysKVuBo-Svo&s
Dettol soap Rs.10,Other,BOTTLES,0,https://source.unsplash.com/200x200/?Dettol+soap+Rs.10,https://encrypted-tbn0.gstatic.com/images?q=tbn:ANd9GcQhX7cLS4yc5otYEw491fqr3xGzYFUrgfNE0_SInhc4il9r_pTX8DRkG4Cj-w&s
Doms Pen 5rs,STATIONARY,NUMBERS,5,https://source.unsplash.com/200x200/?Doms+Pen+5rs,https://encrypted-tbn0.gstatic.com/images?q=tbn:ANd9GcSB6m01khQ_AN8N9brMJ1eb26g99-SZcL_DAgg0IrrZVjY6CIRlmFgMEZ0v4MI&s
Doms Permanent Marker Rs.20,STATIONARY,NUMBERS,20,https://source.unsplash.com/200x200/?Doms+Permanent+Marker+Rs.20,https://encrypted-tbn0.gstatic.com/images?q=tbn:ANd9GcTgqJQBkFb2vv2nAHlZn6NHjO9yWYOkRaSnXHdGB-ZAoCv9qRM7_JzcHhCXOQk&s
Doms sketch 25rs,STATIONARY,NUMBERS,25,https://source.unsplash.com/200x200/?Doms+sketch+25rs,https://encrypted-tbn0.gstatic.com/images?q=tbn:ANd9GcQnONFz7zsriM9uiqJxYLSa4nK5YsNDljgvYe4eDyHvGVVTv-zs-BU1_acV8Ds&s
Doritos Dina L nd C,Other,,0,https://source.unsplash.com/200x200/?Doritos+Dina+L+nd+C,https://encrypted-tbn0.gstatic.com/images?q=tbn:ANd9GcS4-3I7Ay08FUL63gwY1pM3Xy1iQjuB1pLUg_d3cjxQwsZ-6FFySumxe59WOdk&s
Doritos NC Rs.20,SNACKS,PACKS,20,https://source.unsplash.com/200x200/?Doritos+NC+Rs.20,https://encrypted-tbn0.gstatic.com/images?q=tbn:ANd9GcT6YqgyabJh4xA4AHLh_V9cVDtzadiPEfJtxGSJKyHv8U9Z_y07cJaVUdm2Dw&s
Doritos S C 45g,Other,,0,https://source.unsplash.com/200x200/?Doritos+S+C+45g,https://encrypted-tbn0.gstatic.com/images?q=tbn:ANd9GcTy6IPqooOsymMjMw_OLyPhRu2--kcoQJ_kXaWwgbt4kHbs7epIApHzndYNoac&s
Doritos SC Rs.20,SNACKS,PACKS,20,https://source.unsplash.com/200x200/?Doritos+SC+Rs.20,https://encrypted-tbn0.gstatic.com/images?q=tbn:ANd9GcT6YqgyabJh4xA4AHLh_V9cVDtzadiPEfJtxGSJKyHv8U9Z_y07cJaVUdm2Dw&s
Double Guava,Other,,0,https://source.unsplash.com/200x200/?Double+Guava,https://encrypted-tbn0.gstatic.com/images?q=tbn:ANd9GcS9SxMwwnH8mR6Rpc96ANGvS4kVXvSKHBgtoEA2oxx6lh0pueE8NNUxAsWQMA&s
Double tape small 10rs,STATIONARY,NUMBERS,10,https://source.unsplash.com/200x200/?Double+tape+small+10rs,https://encrypted-tbn0.gstatic.com/images?q=tbn:ANd9GcSKj274N4AY9Nl0qp-XFb2YMwsKzDB8CaLqZMfifZjQFQxVcMPs1o3V7ByYrQ&s
DOUBLEMINT GUM 120rs,CHOCOLATE,BOTTLES,120,https://source.unsplash.com/200x200/?DOUBLEMINT+GUM+120rs,https://encrypted-tbn0.gstatic.com/images?q=tbn:ANd9GcRcg3zBfjkyi0B9DsR0W9Pqz2dv6NsN94xCOlzZ-FGty_X_LCs_VLGB5Idbaw&s
Dry amla 100g,DRY FRUITS,GRAMMES,65,https://source.unsplash.com/200x200/?Dry+amla+100g,https://encrypted-tbn0.gstatic.com/images?q=tbn:ANd9GcR7mC-R1nRDGc-wmR5BuLeVPny_3VyGKYA5RY0Z0StTUh9y4b_p2_mxmHj1xwA&s
Dry amla 250gm,DRY FRUITS,GRAMMES,115,https://source.unsplash.com/200x200/?Dry+amla+250gm,https://encrypted-tbn0.gstatic.com/images?q=tbn:ANd9GcRTus_HuXhNGXgRmOIyEbYCeAaB70DjMmDQtWeveul3-tx7M8lX2gJxVVjwgv8&s
Dry fig 100g,DRY FRUITS,GRAMMES,155,https://source.unsplash.com/200x200/?Dry+fig+100g,https://encrypted-tbn0.gstatic.com/images?q=tbn:ANd9GcRENZ0myoZq1bQfQn5u7CzhR-ft6wwbkJXBVrb_MKb8CS5N7W1Y-q9-sUFrJw&s
Duracell AA Rs.22,ROOM ESSENTIALS,NUMBERS,22,https://source.unsplash.com/200x200/?Duracell+AA+Rs.22,https://encrypted-tbn0.gstatic.com/images?q=tbn:ANd9GcSV5gAdXcqngCswiZVIaJ68FvEMeym1B8miDoORoqQX-0Twy20qkwcdICHRq6A&s
ear buds,SELF CARE,PIECES,20,https://source.unsplash.com/200x200/?ear+buds,https://encrypted-tbn0.gstatic.com/images?q=tbn:ANd9GcSuQyhriG8WpyzYPd2khOWlx-E6aemeHOehvNs9N1h23yfW9kYihrPoNgqExQ&s
East 57 soap Rs.50,Other,,0,https://source.unsplash.com/200x200/?East+57+soap+Rs.50,https://encrypted-tbn0.gstatic.com/images?q=tbn:ANd9GcSxSOUPNRjT7BCmYuS-uKu6bx85gd11gR6GlJSrfYz0OWtagfwC9qiYvocQcPY&s
EAST 57TH ACTIVATED CHARCOAL FACE WASH,SELF CARE,NUMBERS,149,https://source.unsplash.com/200x200/?EAST+57TH+ACTIVATED+CHARCOAL+FACE+WASH,https://encrypted-tbn0.gstatic.com/images?q=tbn:ANd9GcRXpgqsV6NPZc9mHA1rsd6qbQ1TiF3XTu21LYJpfFJiiQfUed9BrRvmupbrQA&s
EAST 57TH ACTIVATED CHARCOAL SOAP,SELF CARE,NUMBERS,200,https://source.unsplash.com/200x200/?EAST+57TH+ACTIVATED+CHARCOAL+SOAP,https://encrypted-tbn0.gstatic.com/images?q=tbn:ANd9GcS8CCBiTQNNFBqlu1tSfnM-ut-u51MtPvvl3zJgD0i-Mudy99PA_ZjtnVBQYg&s
EAST 57TH BODY DEODORANT,SELF CARE,NUMBERS,199,https://source.unsplash.com/200x200/?EAST+57TH+BODY+DEODORANT,https://encrypted-tbn0.gstatic.com/images?q=tbn:ANd9GcRHTAUPCfIWn4EaqUxHpeJEnuZLXXDnWa1XAjZ7Qf1tt1NnIFDNqGZqnUSxSmo&s
EAST 57TH DE TAN ACTIVATED CHARCOAL FACE SCRUB,SELF CARE,NUMBERS,120,https://source.unsplash.com/200x200/?EAST+57TH+DE+TAN+ACTIVATED+CHARCOAL+FACE+SCRUB,https://encrypted-tbn0.gstatic.com/images?q=tbn:ANd9GcQi8OatcXDfdiU_0vfUyDwzSzVrqZ4f_R24njzX-vM20sgx8CszNgcDAm4mKw&s
EAST 57TH DEO FRESH SOAP 4X125GM,SELF CARE,PACKS,200,https://source.unsplash.com/200x200/?EAST+57TH+DEO+FRESH+SOAP+4X125GM,https://encrypted-tbn0.gstatic.com/images?q=tbn:ANd9GcSxSOUPNRjT7BCmYuS-uKu6bx85gd11gR6GlJSrfYz0OWtagfwC9qiYvocQcPY&s
EATRITE CLASSIC CREAMY PEANUT,SELF CARE,GRAMMES,169,https://source.unsplash.com/200x200/?EATRITE+CLASSIC+CREAMY+PEANUT,https://encrypted-tbn0.gstatic.com/images?q=tbn:ANd9GcTs7rTspWMfcbgvyjamS-byilgLtq_BG9-VJzLQWda7j7TSclfdqerzM93Ocv8&s
Elite brownie Rs.67,CHOCOLATE,PACKS,67,https://source.unsplash.com/200x200/?Elite+brownie+Rs.67,https://encrypted-tbn0.gstatic.com/images?q=tbn:ANd9GcRC-5gDkmonzJPM1-WK-42u4FvxCXcMmzuvHYvqg93h9d_ryTr9sArxG-pazQ&s
Eno 11rs,SELF CARE,PACKS,11,https://source.unsplash.com/200x200/?Eno+11rs,https://encrypted-tbn0.gstatic.com/images?q=tbn:ANd9GcQatBIUbVE7Ph0wSjUf8euiZDicsfmIwjuchANGprQsrvUOQQkTOHNverN_bA&s
Eraser 5rs,STATIONARY,PIECES,5,https://source.unsplash.com/200x200/?Eraser+5rs,https://encrypted-tbn0.gstatic.com/images?q=tbn:ANd9GcR248lAjAKzrY1rq6KmhjE3nGoLexk-DZTRa8mEbLwHaCZi0od_n_YQNvgEvYk&s
Exam pad,STATIONARY,NUMBERS,105,https://source.unsplash.com/200x200/?Exam+pad,https://encrypted-tbn0.gstatic.com/images?q=tbn:ANd9GcSkEUj2dV0SK8gev0xURSNo3F4SBbfEN-kvdZvbBVrFXTqXzq4gESebrkIyIw&s
Exo scrubber,ROOM ESSENTIALS,NUMBERS,10,https://source.unsplash.com/200x200/?Exo+scrubber,https://encrypted-tbn0.gstatic.com/images?q=tbn:ANd9GcTmf7QJPi_1fv8r2JSqy9ahHt3fpDgckzc-wnZTY8nnZtIFjrIs5K6GU4hyCA&s
Exotic fruit mix 100g,DRY FRUITS,GRAMMES,85,https://source.unsplash.com/200x200/?Exotic+fruit+mix+100g,https://encrypted-tbn0.gstatic.com/images?q=tbn:ANd9GcR-d-WxU_vvEGqaj1EAsgAwjb-SZFL9Zh6KJ9RUKx_OWYFD_ZX1YHy1upMSDQ&s
fab liquid 10,ROOM ESSENTIALS,PACKS,10,https://source.unsplash.com/200x200/?fab+liquid+10,https://encrypted-tbn0.gstatic.com/images?q=tbn:ANd9GcTIsZTVdTahjgqlXeMSDvu6zaomPW49sIU-37v2VilVVRnfsgyEYlQRaH5iCw&s
Faber Castell White Board Marker Rs.28,STATIONARY,NUMBERS,28,https://source.unsplash.com/200x200/?Faber+Castell+White+Board+Marker+Rs.28,https://encrypted-tbn0.gstatic.com/images?q=tbn:ANd9GcQmtCLKqaTrXUdl8er0YcR0reUwYqeclMCKpJajin8u8I8mYEM0dalLBtinlno&s
Farmley Date bite Rs.40,CHOCOLATE<> DRY FRUITS,PACKS,40,https://source.unsplash.com/200x200/?Farmley+Date+bite+Rs.40,https://encrypted-tbn0.gstatic.com/images?q=tbn:ANd9GcTP4y0KRcHOYclb5XWf-e83Q0aPboip99T81WMKgPmh-e_jJ56ncZJhgrHX8Fo&s
Farmley Panchava Rs.30,Other,PACKS,0,https://source.unsplash.com/200x200/?Farmley+Panchava+Rs.30,https://encrypted-tbn0.gstatic.com/images?q=tbn:ANd9GcSkile5m13VJMH3OP-91cxawL4wjLQGuQBEt0iWuQoDJyCBSUNmS4h6et7R9g0&s
Farmley peri peri Rs.30,SNACKS,PACKS,30,https://source.unsplash.com/200x200/?Farmley+peri+peri+Rs.30,https://encrypted-tbn0.gstatic.com/images?q=tbn:ANd9GcTerPPjpUvHvHN6BsfDSWt9jRYddeMWtFRg-LatXPztie-C_bTyknWnLVwIAA&s
Fevicol,STATIONARY,NUMBERS,5,https://source.unsplash.com/200x200/?Fevicol,https://encrypted-tbn0.gstatic.com/images?q=tbn:ANd9GcTunga3kN0E3b8hO-j9jH1fumfmKjwkfMme54JWv3l7Y3H4KktGRwAd-8XJQSE&s
Fevicol MRP5/-,Other,NUMBERS,0,https://source.unsplash.com/200x200/?Fevicol+MRP5/-,https://encrypted-tbn0.gstatic.com/images?q=tbn:ANd9GcQ4wOTgesFXSezgGu26CdZqBzp3-7Ef5Q7N8tbuITSuDhtMmBABWYZLvIvdbA&s
feviquick 5rs,STATIONARY,PIECES,5,https://source.unsplash.com/200x200/?feviquick+5rs,https://encrypted-tbn0.gstatic.com/images?q=tbn:ANd9GcR_5hH26-eKfokOZ0f-ExFA8NU12oFglFKEOaHIda4yrcELCmDbB0NYMzB1&s
Fevistick,STATIONARY,NUMBERS,15,https://source.unsplash.com/200x200/?Fevistick,https://encrypted-tbn0.gstatic.com/images?q=tbn:ANd9GcQjkcTTq0oxYQMEDekDn5qLTRvIBSaMASO1UMBb43VC3SsIOYq4b_Uwob-LzFY&s
Flair Hotline Fineliner,STATIONARY,PACKS,110,https://source.unsplash.com/200x200/?Flair+Hotline+Fineliner,https://encrypted-tbn0.gstatic.com/images?q=tbn:ANd9GcRRejMDPJc77hpERLhC3aeFbUSU9avlMuqtkS0ZMjOzXpPlKq2JFk0J8055mg&s
Flair move gel pen,STATIONARY,NUMBERS,10,https://source.unsplash.com/200x200/?Flair+move+gel+pen,https://encrypted-tbn0.gstatic.com/images?q=tbn:ANd9GcSn9rGDkXkAoc5wPWpb0LcPyuasv0bILG2LHVajdh7RL7oUc1HY8GVm5vV5tiE&s
Flax seed 250gm,DRY FRUITS,PACKS,45,https://source.unsplash.com/200x200/?Flax+seed+250gm,https://encrypted-tbn0.gstatic.com/images?q=tbn:ANd9GcSHo10RpGPJ1FBbflfiqe2VY_MCw-0kxYCLBH3boknJ2ZCprfsU7jxUGVm4YvA&s
Flora buckets ( Sun shine),TOILETRIES,NUMBERS,400,https://source.unsplash.com/200x200/?Flora+buckets+(+Sun+shine),https://encrypted-tbn0.gstatic.com/images?q=tbn:ANd9GcSFbkhmpahZ9lOTB6DtpzqG9kGRDnoPnAYe4qJHGLkaL4VIDvTIyfiQ4fgLcgk&s
fog 300rs,SELF CARE,NUMBERS,300,https://source.unsplash.com/200x200/?fog+300rs,https://encrypted-tbn0.gstatic.com/images?q=tbn:ANd9GcStosonLZ2zKB2bHtz0ZvsNV_bG6X3JDQaRkGvze1KHvPEOcUwY86rTkY8mBg&s
Fog spray 85rs,SELF CARE,NUMBERS,85,https://source.unsplash.com/200x200/?Fog+spray+85rs,https://encrypted-tbn0.gstatic.com/images?q=tbn:ANd9GcTsad_EJ-IG7lb4tTiyyi-jEEH3ZUhci3PhpcWydTZZ2RsWW5mRlyk7r-LU5A&s
fork spoon,Other,,30,https://source.unsplash.com/200x200/?fork+spoon,https://encrypted-tbn0.gstatic.com/images?q=tbn:ANd9GcSwlCELM-ojh3pFRl397bTQWFV-dP75ECn99lKdNi9f47dclCUwF59_1IKz3g&s
Fountain Pen,Other,,0,https://source.unsplash.com/200x200/?Fountain+Pen,https://encrypted-tbn0.gstatic.com/images?q=tbn:ANd9GcQX48-CXkMj5h3Q4FqY_J_Qy6zsbZIpcJIgCbvANDp-yopviAl-WD07Unb4Y2I&s
Fudge it Rs.90,CHOCOLATE,BOX,90,https://source.unsplash.com/200x200/?Fudge+it+Rs.90,https://encrypted-tbn0.gstatic.com/images?q=tbn:ANd9GcQI0mdufuna1KT7e06yB-G4dpIhuZQP9XmM87NbsKeB0unCfq4XEvmUORrxs3o&s
Garbage bag (Big),ROOM ESSENTIALS,,0,https://source.unsplash.com/200x200/?Garbage+bag+(Big),https://encrypted-tbn0.gstatic.com/images?q=tbn:ANd9GcS4UUup5Sa4I1H8mrsdcKk32bYDbDMPe1hT0wplwhknMmFbRM98DTpdcNzYqg&s
Garbage bag (Medium),ROOM ESSENTIALS,PACKS,77,https://source.unsplash.com/200x200/?Garbage+bag+(Medium),https://encrypted-tbn0.gstatic.com/images?q=tbn:ANd9GcShLn8xdyUCN_9tCrSJv17y8LHlRZrAgkihgdx2NolU24wGm-MLB0KO8P5vMHw&s
Garbage bag (small),ROOM ESSENTIALS,PACKS,60,https://source.unsplash.com/200x200/?Garbage+bag+(small),https://encrypted-tbn0.gstatic.com/images?q=tbn:ANd9GcRtbsUVGc3PadAmZmVRURwx8SeQ2Ofd2ChGcXEotWLcJQ7ZO-gOo-toBjsPFiQ&s
Gillete blade,SELF CARE,PACKS,48,https://source.unsplash.com/200x200/?Gillete+blade,https://encrypted-tbn0.gstatic.com/images?q=tbn:ANd9GcTCG2TI0e3DA_mLpmjvYrRlzMAoox1RYBTR9Jcron8qF9O_tOBBw4TbgP3dX7k&s
gillete gaurd,SELF CARE,,25,https://source.unsplash.com/200x200/?gillete+gaurd,https://encrypted-tbn0.gstatic.com/images?q=tbn:ANd9GcTCG2TI0e3DA_mLpmjvYrRlzMAoox1RYBTR9Jcron8qF9O_tOBBw4TbgP3dX7k&s
Globe Lock (120),ROOM ESSENTIALS,,120,https://source.unsplash.com/200x200/?Globe+Lock+(120),https://encrypted-tbn0.gstatic.com/images?q=tbn:ANd9GcQtLqaduupECm_z9Az-LqCCEGGzwyrTKIKxAUeA_Sk9zoQ-0AHazw-9eOTnXEQ&s
Glorious 3rs,CHOCOLATE,NUMBERS,3,https://source.unsplash.com/200x200/?Glorious+3rs,https://encrypted-tbn0.gstatic.com/images?q=tbn:ANd9GcREk_wki2eS9_Vl6uQLwUk9SjU0-YexpQPSWD_M2T3vVQhLRHW3RYkFq0sCJQ&s
Glorious 5rs,CHOCOLATE,NUMBERS,5,https://source.unsplash.com/200x200/?Glorious+5rs,https://encrypted-tbn0.gstatic.com/images?q=tbn:ANd9GcQ0IH5aw2COOnyprmPfTJcFueFx2JOM8ftSZcC2A3YPsA7WmkBzzE3ZukeHnhs&s
Glucose Rs.45,SELF CARE,PACKS,45,https://source.unsplash.com/200x200/?Glucose+Rs.45,https://encrypted-tbn0.gstatic.com/images?q=tbn:ANd9GcTCzvZ-8aVoxAh5Y8MI-rrG7Q6puAHhGRJkx4gWYy0GU05l6NcFECH-EgI1zA&s
GOBBLES CHOCO cake Rs.40,CHOCOLATE,PACKS,40,https://source.unsplash.com/200x200/?GOBBLES+CHOCO+cake+Rs.40,https://encrypted-tbn0.gstatic.com/images?q=tbn:ANd9GcT5d4uV7tDLSqk58NULS8onqQJDwf68BNXfCbK3iBp7reHt3J3RAeBM8RXC0g&s
GOBBLES FRUIT Rs.40,CHOCOLATE,PACKS,30,https://source.unsplash.com/200x200/?GOBBLES+FRUIT+Rs.40,https://encrypted-tbn0.gstatic.com/images?q=tbn:ANd9GcSFnvCHESnWuzR70yys4mAhNPgXXodwL9r162DU6vyAn5pQHb1OTLY-ZvkfzA&s
GOBBLES FRUTI Rs.30,CHOCOLATE,PACKS,30,https://source.unsplash.com/200x200/?GOBBLES+FRUTI+Rs.30,https://encrypted-tbn0.gstatic.com/images?q=tbn:ANd9GcTDBrct4dt51vwvbvV8a9LJdqQmQjsUKwU8ZBaOQCHtwuedGjC_ReGpOA-VMw&s
GODREJ FA B LIQUID RS 10 PACK,Other,,0,https://source.unsplash.com/200x200/?GODREJ+FA+B+LIQUID+RS+10+PACK,https://encrypted-tbn0.gstatic.com/images?q=tbn:ANd9GcQk8ITSy0lrz_xHRnXqgnRGgVq7IzSx4T1vr5rbaqZC4vBIdZ4KOaZyp4Z_3bk&s
Good knight machine flash Machine Se,SELF CARE,NUMBERS,105,https://source.unsplash.com/200x200/?Good+knight+machine+flash+Machine+Se,https://encrypted-tbn0.gstatic.com/images?q=tbn:ANd9GcTK3zylBghHnJi6fwGOGAw-9w46Rmkz7_d23xvL4CkivEaLiEZ-DdDLEiI2Kw&s
Good knight refill,ROOM ESSENTIALS,NUMBERS,85,https://source.unsplash.com/200x200/?Good+knight+refill,https://encrypted-tbn0.gstatic.com/images?q=tbn:ANd9GcSwHm-NHFWCgTauwNpTKSPtMIeyQzY0T1uhSBwk9BhfB0lqjh1Rkv_fcUXyEiY&s
Gooday 10,BISCUITS,PACKS,10,https://source.unsplash.com/200x200/?Gooday+10,https://encrypted-tbn0.gstatic.com/images?q=tbn:ANd9GcTODOx5LAWt0e3UHUvHDyTHZuajFUwvqsoTuQ0iR_XqoUv0gUXJpCHElguicQ&s
GRB butter muruku Rs.65,SNACKS,,65,https://source.unsplash.com/200x200/?GRB+butter+muruku+Rs.65,https://encrypted-tbn0.gstatic.com/images?q=tbn:ANd9GcRsQxGSb701Gfyh9jXB1TdDtviRR0RkfukLpkXeVd11zM44iu6kTWKoKpOYMQ&s
Green Chart,STATIONARY,NUMBERS,10,https://source.unsplash.com/200x200/?Green+Chart,https://encrypted-tbn0.gstatic.com/images?q=tbn:ANd9GcR03kqexLJuBc07Q9-WEwZg7qLDPqFdG18IZg-Lv-2iJJ2IPFmQPXuVf-jmJw&s
H&S shampoo 2rs,SELF CARE,PIECES,2,https://source.unsplash.com/200x200/?H&S+shampoo+2rs,https://encrypted-tbn0.gstatic.com/images?q=tbn:ANd9GcS5NYRzzscAVtdmyCdyggfzUFunn-bxDkX66kOaCkIkBS7_t-dvJkYUJ7VPLwI&s
Halls 1rs,CHOCOLATE,NUMBERS,1,https://source.unsplash.com/200x200/?Halls+1rs,https://encrypted-tbn0.gstatic.com/images?q=tbn:ANd9GcQom42y5xJl4I1LTBzi17HGl4abtrh3QReyPDD96kFlXbLs7TvNRaXcKF0RiQ&s
Hamam Rs.10,Other,,0,https://source.unsplash.com/200x200/?Hamam+Rs.10,https://encrypted-tbn0.gstatic.com/images?q=tbn:ANd9GcSIu3RpHizAAuMPeukHxRnZlZ-dIbeN4IyCehsYAN5x-6nC1HQoosciVnhdtg&s
Hamam Rs.40,Other,,40,https://source.unsplash.com/200x200/?Hamam+Rs.40,https://encrypted-tbn0.gstatic.com/images?q=tbn:ANd9GcSIrY_hk2ETgufQPS8iFgd0q5KOQUr990_uT7kpXNKdLtGLHEeLBIBRtOKNu1k&s
Hangers,ROOM ESSENTIALS,PIECES,20,https://source.unsplash.com/200x200/?Hangers,https://encrypted-tbn0.gstatic.com/images?q=tbn:ANd9GcR4Cx8Z6FjjkrVUGY1GTd96OhxlKU9qcyI1xvFd1B36devnmgoQp7PIi0dSGHA&s
Hangers 6pcs 200rs,ROOM ESSENTIALS,DOZENS,200,https://source.unsplash.com/200x200/?Hangers+6pcs+200rs,https://encrypted-tbn0.gstatic.com/images?q=tbn:ANd9GcTfOg4pOej1GoBjbEhfes4ANdwWGS_kIML8Rgv3sMJz0ox_yaE5FxvKWNOz-w&s
Health nuts mix,DRY FRUITS,BOX,250,https://source.unsplash.com/200x200/?Health+nuts+mix,https://encrypted-tbn0.gstatic.com/images?q=tbn:ANd9GcSI5nKACPgAZKWKoDVggefwWHOYtLyV2AzfhyMS3CwyhlyK1aX0lFRanzmhzpE&s
HERSHEYS KISSES 60rs,CHOCOLATE,PACKS,60,https://source.unsplash.com/200x200/?HERSHEYS+KISSES+60rs,https://encrypted-tbn0.gstatic.com/images?q=tbn:ANd9GcTAWMahVy4ghJhGo6_YwBMeh_k9o0twYQhBhszGYUz2NZ8VcnWAAIccBM1E0g&s
HERSHEYS KISSES 65rs,CHOCOLATE,PACKS,65,https://source.unsplash.com/200x200/?HERSHEYS+KISSES+65rs,https://encrypted-tbn0.gstatic.com/images?q=tbn:ANd9GcT0GK6SSD8h4kJqiKVmK8ZkfORZyVVmhE2R4bKS4uGB87wemIGdc2WwDb41cqE&s
HERSHEYS KISSES 70rs,CHOCOLATE,,70,https://source.unsplash.com/200x200/?HERSHEYS+KISSES+70rs,https://encrypted-tbn0.gstatic.com/images?q=tbn:ANd9GcT0GK6SSD8h4kJqiKVmK8ZkfORZyVVmhE2R4bKS4uGB87wemIGdc2WwDb41cqE&s
HERSHEYS KISSES 99rs,CHOCOLATE,PACKS,99,https://source.unsplash.com/200x200/?HERSHEYS+KISSES+99rs,https://encrypted-tbn0.gstatic.com/images?q=tbn:ANd9GcQOyQ27MNZrxf9pZReVd20uC4-C5YcozFUVIVCzmdjVfPAe_0Sraew_4pUQWQ&s
HERSHEYS KISSES BLACK 70rs,CHOCOLATE,PACKS,70,https://source.unsplash.com/200x200/?HERSHEYS+KISSES+BLACK+70rs,https://encrypted-tbn0.gstatic.com/images?q=tbn:ANd9GcRAKxNVf-p6DYgDHpYdgc_tYwMwLvvOqQQ7yoO5iB0dkEN6wjXyrqsSryQ5Kw&s
HIDE AND SEEK 30,BISCUITS,PACKS,30,https://source.unsplash.com/200x200/?HIDE+AND+SEEK+30,https://encrypted-tbn0.gstatic.com/images?q=tbn:ANd9GcS_PwQcQzA2gIbDEjxi1eHIjiJlu9K9Z38nmI-Sq_U5326ESDZrrxer2rFASxI&s
Highlighter,Other,,0,https://source.unsplash.com/200x200/?Highlighter,https://encrypted-tbn0.gstatic.com/images?q=tbn:ANd9GcQrJolE5zDuqgUVZZpVG-AhUzXwg-k4lbp9D5hiyPdkmCXB4KSy77qh-qQIrg&s
Highlighter blue,PENS,,25,https://source.unsplash.com/200x200/?Highlighter+blue,https://encrypted-tbn0.gstatic.com/images?q=tbn:ANd9GcSYR1urZ5uvcyaLGRtmOnOCfyBGvZt2L5g5XLydZCk19rY6K5h6eGxCvR36QA&s
Highlighter green,STATIONARY,NUMBERS,25,https://source.unsplash.com/200x200/?Highlighter+green,https://encrypted-tbn0.gstatic.com/images?q=tbn:ANd9GcS5carIeAHHWyzcQedHyW-bNFSTmvxw-5wOjaS0QbEbibs2OatWiSHBndxHFbU&s
Honey,DRY FRUITS,BOTTLES,230,https://source.unsplash.com/200x200/?Honey,https://encrypted-tbn0.gstatic.com/images?q=tbn:ANd9GcQwMWX9t2KsvtWyml4CgTXlEz_UhfTfD02cRsbnrAC6m-_kw5ufARUQvUIjqg&s
Hot & cold fashion 1L 720rs,BOTTLES,NUMBERS,720,https://source.unsplash.com/200x200/?Hot+&+cold+fashion+1L+720rs,https://encrypted-tbn0.gstatic.com/images?q=tbn:ANd9GcTSRNWUT74JGbBwUx_7SwL78pfrIczxAk1yCEklAL7PwkmUOFvYKRucaXmAWg0&s
Hot & cold flask 600ml,BOTTLES,PIECES,600,https://source.unsplash.com/200x200/?Hot+&+cold+flask+600ml,https://encrypted-tbn0.gstatic.com/images?q=tbn:ANd9GcTSRNWUT74JGbBwUx_7SwL78pfrIczxAk1yCEklAL7PwkmUOFvYKRucaXmAWg0&s
IMIS Note LS 220pgs Ruled,NOTEBOOK,NUMBERS,90,https://source.unsplash.com/200x200/?IMIS+Note+LS+220pgs+Ruled,https://encrypted-tbn0.gstatic.com/images?q=tbn:ANd9GcTnYbzQBtWtRygY8Hk-d8BYtPoPkt2Wc2SQuOzTCcdD2uDeNmhTzQKgdkxfEEw&s
IMIS Note LS 220pgs Unruled,NOTEBOOK,NUMBERS,90,https://source.unsplash.com/200x200/?IMIS+Note+LS+220pgs+Unruled,https://encrypted-tbn0.gstatic.com/images?q=tbn:ANd9GcRvl3MGlDAqW3bH3-nw56MEx64ABVEI2_rT0YPu430tShvTN1D-0cQ2vhlH3A&s
IMIS SMALL 30pgs 35RS,NOTEBOOK,NUMBERS,35,https://source.unsplash.com/200x200/?IMIS+SMALL+30pgs+35RS,https://encrypted-tbn0.gstatic.com/images?q=tbn:ANd9GcSBfzFXCAiQPFrGXqB7ukRbYM1N1FYhhb72ae8zBe5izguFcve_gqFRl-_QZTg&s
Inheler 40rs,SELF CARE,NUMBERS,45,https://source.unsplash.com/200x200/?Inheler+40rs,https://encrypted-tbn0.gstatic.com/images?q=tbn:ANd9GcR_MDvHJdNAZR9ExH7rOde_uBfBp0N-ziaX1l24OgVcT5ycAxfdfO3Wi0dL8e4&s
Jaggery 250g,DRY FRUITS,GRAMMES,40,https://source.unsplash.com/200x200/?Jaggery+250g,https://encrypted-tbn0.gstatic.com/images?q=tbn:ANd9GcQx7pYOh2e8HWSG0KnX48jgXInqPp9mk5wqLCzYAyzd0pmwVvXMNmWpAIinXA&s
JIM JAM,BISCUITS,BOX,10,https://source.unsplash.com/200x200/?JIM+JAM,https://encrypted-tbn0.gstatic.com/images?q=tbn:ANd9GcRuxVy7kKtwsRl-wr-lnxQsSiURkZCm38kDsess7nbILbDOW_LQaeZgYexIIA&s
Jumbo Bath towel cotton,TOILETRIES,PIECES,165,https://source.unsplash.com/200x200/?Jumbo+Bath+towel+cotton,https://encrypted-tbn0.gstatic.com/images?q=tbn:ANd9GcTStTxIcQcDYL68atxBX4enMrSUXyymfouHDQgdxx3TjmdvvCYYKSEX3GF_9JA&s
Jute bag,ROOM ESSENTIALS,,10,https://source.unsplash.com/200x200/?Jute+bag,https://encrypted-tbn0.gstatic.com/images?q=tbn:ANd9GcTfWZyJGFG1EBpbMba-QQ7mgdN8qHrR9v8XzP_cMsf3Tszs8tRpI4Byy8QFwQ&s
Kelloggs bowl 95rs,ROOM ESSENTIALS,NUMBERS,95,https://source.unsplash.com/200x200/?Kelloggs+bowl+95rs,https://encrypted-tbn0.gstatic.com/images?q=tbn:ANd9GcQ28HqRnsTOKHd5o8Efa7IjRuXFLbvwr4_2CEy6rAMuG7pvxjsekEcxodgao3I&s
KIT KAT 10,CHOCOLATE,PIECES,10,https://source.unsplash.com/200x200/?KIT+KAT+10,https://encrypted-tbn0.gstatic.com/images?q=tbn:ANd9GcQptRf-85AHNrg6L1In4wqpiANyAYMkkE4uHNYzxxB0QFb6p1JijQA7xEJK3LU&s
KK GCRS 72g Rs.20 (8,SNACKS,PACKS,20,https://source.unsplash.com/200x200/?KK+GCRS+72g+Rs.20+(8,https://encrypted-tbn0.gstatic.com/images?q=tbn:ANd9GcRg9c6Oegajy-QMQrbHzWRZ4Yfb7a8lwRZaDm-WwggHV9hxV1RaUGhR0IwGKg&s
KK MM 78g,Other,PACKS,0,https://source.unsplash.com/200x200/?KK+MM+78g,https://encrypted-tbn0.gstatic.com/images?q=tbn:ANd9GcQFnz_LzcWe368wYIPil9xwW-MPiWRdqxe2-JqnI8QYsSjesBK6wX7XFBa1ecc&s
KK MM 78g (80),Other,,0,https://source.unsplash.com/200x200/?KK+MM+78g+(80),https://encrypted-tbn0.gstatic.com/images?q=tbn:ANd9GcQKrMlaRP___D75ezY8RVHrbWYZen9PAoR4j0RoIyfp_WnNM9PXD3_dIXHKGnk&s
KK MM GO 94g,Other,PACKS,0,https://source.unsplash.com/200x200/?KK+MM+GO+94g,https://encrypted-tbn0.gstatic.com/images?q=tbn:ANd9GcTct-QCHJfs-9cx7LDKCsf2uGXn3ozsBCTB5oi5pQuWun6w7sUTrTu7qFEM8-Q&s
Knotted lunch towel 22x22,TOILETRIES,PIECES,42,https://source.unsplash.com/200x200/?Knotted+lunch+towel+22x22,https://encrypted-tbn0.gstatic.com/images?q=tbn:ANd9GcQBWttXNJYZ7KAFK6CngCBwvsL3IIIkPZoi2oNQjIJ7qEv6CPJ6bb4QSaBMlSg&s
Kure Kure MM 20,SNACKS,PACKS,20,https://source.unsplash.com/200x200/?Kure+Kure+MM+20,https://encrypted-tbn0.gstatic.com/images?q=tbn:ANd9GcS0m0avhaf_-WSdZ6iLPkDGv1hxg1r7XEnF3SKUsurK73LE_nCMj31y2J85lw&s
KURKURE 5rs,SNACKS,PACKS,5,https://source.unsplash.com/200x200/?KURKURE+5rs,https://encrypted-tbn0.gstatic.com/images?q=tbn:ANd9GcSgr6qEBrHNwgE721vzC9laEt4o7yz7_ZYEIw4Cp4iL5dID_GqsaSLVNWbWu4k&s
KurKure GCRS Rs.20,SNACKS,PACKS,20,https://source.unsplash.com/200x200/?KurKure+GCRS+Rs.20,https://encrypted-tbn0.gstatic.com/images?q=tbn:ANd9GcQPqI42_Jal4-s664B9DO8_gE8hJlJOzyC-60zB3x9cID22SMX_ufumqCe5RW4&s
Kurkure MM,SNACKS,PACKS,30,https://source.unsplash.com/200x200/?Kurkure+MM,https://encrypted-tbn0.gstatic.com/images?q=tbn:ANd9GcQouUTWeJ5jho0bSK4Uh4azwyFoDXJBkLRavdC-luWsas0FbowOoEZOh8qi1g&s
KurKure NT 35g Rs.10,SNACKS,PACKS,10,https://source.unsplash.com/200x200/?KurKure+NT+35g+Rs.10,https://encrypted-tbn0.gstatic.com/images?q=tbn:ANd9GcSo1X3R1NPL1xljmGUOJMnVRWK-6yJsBxAFm9VGFIGI18O0JsqQrtyBDg-unjo&s
Kurkure RCC 72gm,Other,,0,https://source.unsplash.com/200x200/?Kurkure+RCC+72gm,https://encrypted-tbn0.gstatic.com/images?q=tbn:ANd9GcQwi-tFIz6Hu3n3ka_9f74SHhYlmXbIko6YjAndc4gYYssOz4gGfWcr19ub4H8&s
Kurkure RCC Rs.20,SNACKS,PACKS,20,https://source.unsplash.com/200x200/?Kurkure+RCC+Rs.20,https://encrypted-tbn0.gstatic.com/images?q=tbn:ANd9GcR7xM-2Rc1WgSXIcdFBHz0qD-5M9ST1UzZkpIkp3jabj-HSHbbU1vStOGEkya8&s
KurKure Schezwan Rs.20,SNACKS,PACKS,20,https://source.unsplash.com/200x200/?KurKure+Schezwan+Rs.20,https://encrypted-tbn0.gstatic.com/images?q=tbn:ANd9GcR_dA5KArESLDl6RBYRv3GevbpKsj3Mc4w79VRFgbHJdsYSExtAXegWfhWfmw&s
LAL Kaju katli 200g Rs.220,CHOCOLATE,BOX,220,https://source.unsplash.com/200x200/?LAL+Kaju+katli+200g+Rs.220,https://encrypted-tbn0.gstatic.com/images?q=tbn:ANd9GcQKZ4vMTtyLk8Yk_MaavuGEOLqHoIMlQu5_lice8QJLc2niwP2mxKjUWRnrogc&s
LAUNDRY BAG,ROOM ESSENTIALS,NUMBERS,250,https://source.unsplash.com/200x200/?LAUNDRY+BAG,https://encrypted-tbn0.gstatic.com/images?q=tbn:ANd9GcTP2VOHd5itsISiuO05LrsTO14ZY1ies6Z9JprdDSHeReqUWscuqKRDPCCCBRQ&s
Laundry bag 150rs,ROOM ESSENTIALS,NUMBERS,150,https://source.unsplash.com/200x200/?Laundry+bag+150rs,https://encrypted-tbn0.gstatic.com/images?q=tbn:ANd9GcQLlIGRSCVPj5Kub7fPMSMNxodJSq32NSym13OuIdonogviibHa2egGNIRF8w&s
Lavian Brownie,CHOCOLATE,PACKS,10,https://source.unsplash.com/200x200/?Lavian+Brownie,https://encrypted-tbn0.gstatic.com/images?q=tbn:ANd9GcRNCBq-pTte7cFmjjezvOIS-DJtgnf19Wwzy0TGM22l9mDRUgXL9GzPrWNcgA&s
Lavian Brownie Rs.10,CHOCOLATE,PACKS,10,https://source.unsplash.com/200x200/?Lavian+Brownie+Rs.10,https://encrypted-tbn0.gstatic.com/images?q=tbn:ANd9GcRNCBq-pTte7cFmjjezvOIS-DJtgnf19Wwzy0TGM22l9mDRUgXL9GzPrWNcgA&s
Lays Asco green 20,SNACKS,PACKS,20,https://source.unsplash.com/200x200/?Lays+Asco+green+20,https://encrypted-tbn0.gstatic.com/images?q=tbn:ANd9GcRvIrV6a2tXg0oqN35l0a3XNiN1bpAs8eA4TvrfzQL0E0L5H5TbRgu1g9j0kQ&s
Lays ASCO Rs.30,SNACKS,PACKS,30,https://source.unsplash.com/200x200/?Lays+ASCO+Rs.30,https://encrypted-tbn0.gstatic.com/images?q=tbn:ANd9GcRvIrV6a2tXg0oqN35l0a3XNiN1bpAs8eA4TvrfzQL0E0L5H5TbRgu1g9j0kQ&s
Lays ASCO Rs.50,SNACKS,PACKS,50,https://source.unsplash.com/200x200/?Lays+ASCO+Rs.50,https://encrypted-tbn0.gstatic.com/images?q=tbn:ANd9GcRvIrV6a2tXg0oqN35l0a3XNiN1bpAs8eA4TvrfzQL0E0L5H5TbRgu1g9j0kQ&s
Lays CL 48g Rs.20,SNACKS,PACKS,20,https://source.unsplash.com/200x200/?Lays+CL+48g+Rs.20,https://encrypted-tbn0.gstatic.com/images?q=tbn:ANd9GcTmcsxNNw3dmhR_n8Rzfce3KLZzKSj-ZQEFH2TzziVPpLtwCh5D-3RTJyxaKZY&s
Lays CS 67g(72),Other,,0,https://source.unsplash.com/200x200/?Lays+CS+67g(72),https://encrypted-tbn0.gstatic.com/images?q=tbn:ANd9GcRGGdS4ikM0XLFhgwdEnfN5FbgsaCi3mBwI4AqpOtiVLBfKYwQI7Gp7hHW8Sw&s
LAYS green 10,SNACKS,PIECES,10,https://source.unsplash.com/200x200/?LAYS+green+10,https://encrypted-tbn0.gstatic.com/images?q=tbn:ANd9GcT6Wujjo8pZdFMUBoT3CBW3XTFIA_GSyx__g1yjgfDKh83uFg-YbTAuaKp7PWI&s
Lays Hnds 20,SNACKS,PACKS,20,https://source.unsplash.com/200x200/?Lays+Hnds+20,https://encrypted-tbn0.gstatic.com/images?q=tbn:ANd9GcTxSBmu_PqNTSNxImhbiQusfXSbbUFh3S9XPcrjyN6f4EkkJ8KqXJmJ9llsf-g&s
Lays Hnds Rs.30,SNACKS,PACKS,30,https://source.unsplash.com/200x200/?Lays+Hnds+Rs.30,https://encrypted-tbn0.gstatic.com/images?q=tbn:ANd9GcTC9zR0R5Aar44IW8xDSSGfp4hO5gHH4jqdlHBVhLYH378voFHLfyA6xBAejw&s
Lays Hnds Rs.50,SNACKS,PACKS,50,https://source.unsplash.com/200x200/?Lays+Hnds+Rs.50,https://encrypted-tbn0.gstatic.com/images?q=tbn:ANd9GcSTypB2527hDwur4XLynWKLIcHdV6UDfubAsfldY_38r3NrnBVupS1MsGFDzA&s
Lays MM 20,SNACKS,PACKS,20,https://source.unsplash.com/200x200/?Lays+MM+20,https://encrypted-tbn0.gstatic.com/images?q=tbn:ANd9GcRFmuV1dybEVxWhd1KWFAVYLYMMWS8_p297DCwwfdGJmFTfqjA9OKJ7AYivMA&s
Lays MM Rs.50,SNACKS,PACKS,50,https://source.unsplash.com/200x200/?Lays+MM+Rs.50,https://encrypted-tbn0.gstatic.com/images?q=tbn:ANd9GcQ3uKJnqP3J2SBWHVVqg-dADJS9IbRY0O6ALaB4HHiC07jX2GS6gEATPR-36Vo&s
Lays MM,SNACKS,PACKS,30,https://source.unsplash.com/200x200/?Lays+MM,https://encrypted-tbn0.gstatic.com/images?q=tbn:ANd9GcQCEW4_ZxPlWye-af-FEnM7th_S5zCTXw-yl_c-0c_Y9zxNcHAax7G2t5J3tQ&s
Lays Red Rs.20,SNACKS,PACKS,20,https://source.unsplash.com/200x200/?Lays+Red+Rs.20,https://encrypted-tbn0.gstatic.com/images?q=tbn:ANd9GcQnGpLMPO_bjvGQrXGduKtDeFbRA3-_PXR3kNitCdEs4jFYHv9RxDHZEdxFD5k&s
lays salt & Pepper Rs.20,SNACKS,PACKS,20,https://source.unsplash.com/200x200/?lays+salt+&+Pepper+Rs.20,https://encrypted-tbn0.gstatic.com/images?q=tbn:ANd9GcSNifEfyhAdBTruBBWR3LwE5o8ABoHWd4RfSlWe0WpSjhbVYkMrCRgrQDIHG2g&s
Lays STT (Red) Rs.20,Other,PACKS,20,https://source.unsplash.com/200x200/?Lays+STT+(Red)+Rs.20,https://encrypted-tbn0.gstatic.com/images?q=tbn:ANd9GcQnGpLMPO_bjvGQrXGduKtDeFbRA3-_PXR3kNitCdEs4jFYHv9RxDHZEdxFD5k&s
Lays STT 67g,Other,,0,https://source.unsplash.com/200x200/?Lays+STT+67g,https://encrypted-tbn0.gstatic.com/images?q=tbn:ANd9GcRGGdS4ikM0XLFhgwdEnfN5FbgsaCi3mBwI4AqpOtiVLBfKYwQI7Gp7hHW8Sw&s
Lays W Chips R C 48g,SNACKS,PACKS,20,https://source.unsplash.com/200x200/?Lays+W+Chips+R+C+48g,https://encrypted-tbn0.gstatic.com/images?q=tbn:ANd9GcR9ZIOqVp4WOzZuwh9XqfxG3Wd7fsziJu7YgUiLqlYNr6pYfZYgX-nRfMZ2yIQ&s
Lays W Chips S nd P,Other,,0,https://source.unsplash.com/200x200/?Lays+W+Chips+S+nd+P,https://encrypted-tbn0.gstatic.com/images?q=tbn:ANd9GcRb8RzKUpAtrkRkWrHQhF7wcO78-VFzlFlMuNRqOkyI1vuVsNevUE0xvMqEtco&s
Lays Yellow Rs.30,SNACKS,PACKS,30,https://source.unsplash.com/200x200/?Lays+Yellow+Rs.30,https://encrypted-tbn0.gstatic.com/images?q=tbn:ANd9GcTC9zR0R5Aar44IW8xDSSGfp4hO5gHH4jqdlHBVhLYH378voFHLfyA6xBAejw&s
lifeboy soap Rs.10,TOILETRIES,PIECES,10,https://source.unsplash.com/200x200/?lifeboy+soap+Rs.10,https://encrypted-tbn0.gstatic.com/images?q=tbn:ANd9GcSDlPNISp1p-BOUQ1zGgWNERenPcyP94PP1FOoUV97GuxDKW1xDjDSL8PJQFf8&s
lifeboy soap Rs.50,Other,,0,https://source.unsplash.com/200x200/?lifeboy+soap+Rs.50,https://encrypted-tbn0.gstatic.com/images?q=tbn:ANd9GcSMLu2Lm5QdIO6UTRc4sMRMtlPAc8XRB5FkT3HM3VuysDsvUKNxictiVyCDbW0&s
LIQUID LIFT FACE TONER 200ML,SELF CARE,BOTTLES,278,https://source.unsplash.com/200x200/?LIQUID+LIFT+FACE+TONER+200ML,https://encrypted-tbn0.gstatic.com/images?q=tbn:ANd9GcRrJKAshQaBuQq6ubZfhpt_CpDK7HKxdwi3X32i1VQJGU6BhwFQHXXBdhO-DQ&s
LIQUID LIFT KERATIN THERAPY SHAMPOO 200ML,SELF CARE,PACKS,299,https://source.unsplash.com/200x200/?LIQUID+LIFT+KERATIN+THERAPY+SHAMPOO+200ML,https://encrypted-tbn0.gstatic.com/images?q=tbn:ANd9GcS9hU9RwU9Ucyc78C6KcgqKSUQWyN_2utbYmDHJL8kibicaaPMu0QAk_3FHEw&s
Lock (suitcase),Safety,NUMBERS,50,https://source.unsplash.com/200x200/?Lock+(suitcase),https://encrypted-tbn0.gstatic.com/images?q=tbn:ANd9GcSuGljoT4sa_d_ozZ8i6itDuNMsuK4d5Ng3eGxaiJDqI1qtXd9JSqu8BbIeqg&s
lock 40mm,ROOM ESSENTIALS,NUMBERS,50,https://source.unsplash.com/200x200/?lock+40mm,https://encrypted-tbn0.gstatic.com/images?q=tbn:ANd9GcS5R7wfbd0HL8oji7ImL63HEUvRA3Q8L-YeDeEZadoXUGZL2gypd9F3kyK756M&s
Loriel conditioner 119rs,SELF CARE,NUMBERS,119,https://source.unsplash.com/200x200/?Loriel+conditioner+119rs,https://encrypted-tbn0.gstatic.com/images?q=tbn:ANd9GcRDxuEZyf2WTjK2HPpUGDRM_cweVAJ-Ta6chzIo5DTLwaSg7TOwwHuRp8HCFA&s
Lotte Choco Pie,Other,BOX,0,https://source.unsplash.com/200x200/?Lotte+Choco+Pie,https://encrypted-tbn0.gstatic.com/images?q=tbn:ANd9GcQxO-O6CJ2pJoa3OZTfshE2bprLM0OBie8sxY9A-55NVwcsfkGo9-Ewp7s-Sg&s
lux soap Rs.10,TOILETRIES,PIECES,10,https://source.unsplash.com/200x200/?lux+soap+Rs.10,https://encrypted-tbn0.gstatic.com/images?q=tbn:ANd9GcSG3bnCiW9JK3G-4tQns3_Y7ADwbtGzVojPchdRs_9_rl6czVPu80gDvrmKYA&s
M SNICKERS MRP 20,CHOCOLATE,NUMBERS,20,https://source.unsplash.com/200x200/?M+SNICKERS+MRP+20,https://encrypted-tbn0.gstatic.com/images?q=tbn:ANd9GcSGGW3O_jxyrGqXK68HA43vck0h6A2YRqUfVZNHnXRBinKeZ5bjtxv4r59log&s
Magic umbrella,SELF CARE,NUMBERS,330,https://source.unsplash.com/200x200/?Magic+umbrella,https://encrypted-tbn0.gstatic.com/images?q=tbn:ANd9GcQhIAZgRUjywMnK9HoRfeMeny328UNEs3Q2uTWKfua4C2okPPXbHiSjMBBrxg&s
MAKHANA,SNACKS,BOX,160,https://source.unsplash.com/200x200/?MAKHANA,https://encrypted-tbn0.gstatic.com/images?q=tbn:ANd9GcToG7sZ4IgVoOqxwkPhJFA1Y_nhvD1zuAJNKOk0Ad0XDnAAIDXnyuJCOv7jThA&s
Makhana Rs.20,SNACKS,PACKS,20,https://source.unsplash.com/200x200/?Makhana+Rs.20,https://encrypted-tbn0.gstatic.com/images?q=tbn:ANd9GcSi8103tXnExJ7BhJ1yjrZJr60Q22SRfNFZyYUs_9f7M2ITfOG_Cfj6su64pA&s
Masala Peanut,SNACKS,PACKS,5,https://source.unsplash.com/200x200/?Masala+Peanut,https://encrypted-tbn0.gstatic.com/images?q=tbn:ANd9GcQDCaMTEGEBtq9mEgMwUD7-NLFn3ZG8xIyIe9lGfxrt42VuNEQ3t2i1hAlyBoc&s
Medimix 10,SELF CARE,PIECES,10,https://source.unsplash.com/200x200/?Medimix+10,https://encrypted-tbn0.gstatic.com/images?q=tbn:ANd9GcRMOhL28LIF3DYmKVFS6tbFQgstrpVHiot-soZfEkozwahSkjtARtNnVh6B9vk&s
Melody chocolate 1rs,CHOCOLATE,NUMBERS,1,https://source.unsplash.com/200x200/?Melody+chocolate+1rs,https://encrypted-tbn0.gstatic.com/images?q=tbn:ANd9GcSYyZq-dHj6IOZmsDtZtGJ-UIdW1u-Upp6C1OqTRNdyH7YqDDrcfg3wSifBYQ&s
MILK BIKIS,BISCUITS,BOX,10,https://source.unsplash.com/200x200/?MILK+BIKIS,https://encrypted-tbn0.gstatic.com/images?q=tbn:ANd9GcT4BgfvOqaNcbQIbgGLWD3m8N8VaORPxcPjt2eHO6D13cT6huJhq1WdRmvGnA&s
Moov Rs.180,Other,,0,https://source.unsplash.com/200x200/?Moov+Rs.180,https://encrypted-tbn0.gstatic.com/images?q=tbn:ANd9GcTKEcEqg-uxkXpU5YwR57peEbPG28YDQKO-SY3d8PQNz6dLAdKehXD64Q8GYQ&s
Mouth wash Orarite,SELF CARE,BOTTLES,140,https://source.unsplash.com/200x200/?Mouth+wash+Orarite,https://encrypted-tbn0.gstatic.com/images?q=tbn:ANd9GcQpj1oAmo_tq_9QyiOtPJIK3oMFx4amA1cAkTWu5xPEVxwSkFemRYZI35tfxw&s
Mugs ( Sun shine),TOILETRIES,NUMBERS,50,https://source.unsplash.com/200x200/?Mugs+(+Sun+shine),https://encrypted-tbn0.gstatic.com/images?q=tbn:ANd9GcSGGwH4V-51K4yo4rHuw0A8qP1WMtOn-BWD20Uq2-SBlub1ieb7RqMp6qvsKQ&s
MUNCH 10,CHOCOLATE,BOX,10,https://source.unsplash.com/200x200/?MUNCH+10,https://encrypted-tbn0.gstatic.com/images?q=tbn:ANd9GcTtXB2AmfE-rM7GeLpCsM2NmdPM7dgpbhEoFq61S9FeMgh4bnf3EtyIygkouA&s
munch 5rs,CHOCOLATE,PIECES,5,https://source.unsplash.com/200x200/?munch+5rs,https://encrypted-tbn0.gstatic.com/images?q=tbn:ANd9GcQHKbeoHrwzCz26R8_4b2rzXWyFV-MXaRKh2ttRtTe3VvzUPBXl6eJ9Z4HZfQ&s
Mysore sandal soap 42rs,SELF CARE,NUMBERS,42,https://source.unsplash.com/200x200/?Mysore+sandal+soap+42rs,https://encrypted-tbn0.gstatic.com/images?q=tbn:ANd9GcQbUZ-XKZhV9dMD1zohicu9Tviz-5ak17Kk2ydqPJl9EUYfWOTQwFsXCbs0ng&s
Nail cutter 100,SELF CARE,PIECES,100,https://source.unsplash.com/200x200/?Nail+cutter+100,https://encrypted-tbn0.gstatic.com/images?q=tbn:ANd9GcTkjPxoerREidfWFaQs4ozB77VJha0pUqHNlYsk2Ywlj0SWXnT6wG6LLinnJQ&s
Nail cutter 70,SELF CARE,NUMBERS,70,https://source.unsplash.com/200x200/?Nail+cutter+70,https://encrypted-tbn0.gstatic.com/images?q=tbn:ANd9GcTKKmk_XAQv109SW99F8odVp0w_OiIUVCNBijJ2tX5NeHvKwISWsrIkZLRu2Tk&s
Nail cutter 80,SELF CARE,NUMBERS,80,https://source.unsplash.com/200x200/?Nail+cutter+80,https://encrypted-tbn0.gstatic.com/images?q=tbn:ANd9GcQPgHGZ7wOZXOaJiyhEpL3zcnbSCDLmfDWmpAICr_Z2B78ZpD3cVR62Ft17wOU&s
Napthelene balls 20rs,ROOM ESSENTIALS,PACKS,20,https://source.unsplash.com/200x200/?Napthelene+balls+20rs,https://encrypted-tbn0.gstatic.com/images?q=tbn:ANd9GcT9hNo5qiMWx8iEPdvDqDzr6CLuKiOlcgrt2bUZQ5GCbaboAHEZZDAC81sq6Pc&s
NATURES BEST GREEN TEA GINGER SACHET,SELF CARE,PACKS,125,https://source.unsplash.com/200x200/?NATURES+BEST+GREEN+TEA+GINGER+SACHET,https://encrypted-tbn0.gstatic.com/images?q=tbn:ANd9GcRFz-TOtG0wZLk1-hUe0os1YPIN2qvhNpT4MsVE3n0u0wiMMvpA0qvU6DeXGS4&s
NATURES BEST GREEN TEA LEMON,SELF CARE,PACKS,125,https://source.unsplash.com/200x200/?NATURES+BEST+GREEN+TEA+LEMON,https://encrypted-tbn0.gstatic.com/images?q=tbn:ANd9GcSkQMkOcXdSeCjcTWAPrGAbb4CagwDhS7Mtdn4GID-g93jxhwqDzphxtUTh2g&s
NATURES BEST HONEY 100GM,SELF CARE,BOTTLES,70,https://source.unsplash.com/200x200/?NATURES+BEST+HONEY+100GM,https://encrypted-tbn0.gstatic.com/images?q=tbn:ANd9GcSvKLg-4nCI48yJAgG9pxgIw0xT3lSBSfJdQwzk1k3_SCkGDeNCKmcFMuGcDA&s
NATURES BEST OLIVE OIL 250ML,SELF CARE,MILILITRE,229,https://source.unsplash.com/200x200/?NATURES+BEST+OLIVE+OIL+250ML,https://encrypted-tbn0.gstatic.com/images?q=tbn:ANd9GcQpvVPXoQtZNUdOLLNuDmvc9e4EX6aIJUXE5g2n3pp6kcoGYQ7lFiz4O6H5nA&s
NC DIGESTIVE 100G 72PK CBB NR,BISCUITS,PACKS,25,https://source.unsplash.com/200x200/?NC+DIGESTIVE+100G+72PK+CBB+NR,https://encrypted-tbn0.gstatic.com/images?q=tbn:ANd9GcT8QcDKyuGYVDmDB3YWBE6J_HilMV_4z-E-G0r6ueuCxBOGnHNY3hl5fdViNQ&s
Normal buckets ( Sun shine),TOILETRIES,PIECES,350,https://source.unsplash.com/200x200/?Normal+buckets+(+Sun+shine),https://encrypted-tbn0.gstatic.com/images?q=tbn:ANd9GcRjPHYuSj42_tFPKV0oUzG_ECmgy2mG6WMFebf1ZDeihnYxwGbcZq_x7-FF5eI&s
Notebook ( Rulled ) KING,NOTEBOOK,NUMBERS,55,https://source.unsplash.com/200x200/?Notebook+(+Rulled+)+KING,https://encrypted-tbn0.gstatic.com/images?q=tbn:ANd9GcRNOLvecMB3QhKKgv8Bo-EkvEpsHTe0cB0x_o8tJiiJRquxR8ThlxyR97LaSg&s
Notebook (Un Rulled ) KING,NOTEBOOK,PIECES,55,https://source.unsplash.com/200x200/?Notebook+(Un+Rulled+)+KING,https://encrypted-tbn0.gstatic.com/images?q=tbn:ANd9GcSXe2proHrg0gcnqpUTR_BFW3eRJr1yQosAciD_zdZpUsP6XLCQ2VeT2d6Yhw&s
Notebook - Long ( 196 Rulled ),NOTEBOOK,NUMBERS,60,https://source.unsplash.com/200x200/?Notebook+-+Long+(+196+Rulled+),https://encrypted-tbn0.gstatic.com/images?q=tbn:ANd9GcS4etrkWlMZ5sJTrX2NUJuw3Qoh_pqW6mWqjS54wrquAO9Yg1AgehIAbvqndv4&s
Notebook long ( 196 Un Rulled ),NOTEBOOK,PIECES,60,https://source.unsplash.com/200x200/?Notebook+long+(+196+Un+Rulled+),https://encrypted-tbn0.gstatic.com/images?q=tbn:ANd9GcSwevcHEp7zg3clhIbc2achjC9s1tUW34BymzjXkkt_2BWc67xy1cCJnGENWGA&s
Nutri choice Rs.25,BISCUITS,PACKS,25,https://source.unsplash.com/200x200/?Nutri+choice+Rs.25,https://encrypted-tbn0.gstatic.com/images?q=tbn:ANd9GcTABlv_isyXxa4ivBtb9vRed7KmVN9OjzvP9pHnVaC6rDFp8A5cquQdMwqwmg&s
Nuts container,BOTTLES,BOTTLES,95,https://source.unsplash.com/200x200/?Nuts+container,https://encrypted-tbn0.gstatic.com/images?q=tbn:ANd9GcQTraY_rhJFejIOO12gbCBuiLET8XKYsPViQ8wpZBhsHmsCeufvyBQ-uKh8IA&s
ODOMOS 50GM 65,SELF CARE,PIECES,65,https://source.unsplash.com/200x200/?ODOMOS+50GM+65,https://encrypted-tbn0.gstatic.com/images?q=tbn:ANd9GcRSuIVKCbxoTqRVcNFSJw0NCBe6oV_jopAVkCGRUfGUDbNFwF9InDQw-0ol6A&s
Odonil 220ml room freshner 169rs,Other,,0,https://source.unsplash.com/200x200/?Odonil+220ml+room+freshner+169rs,https://encrypted-tbn0.gstatic.com/images?q=tbn:ANd9GcQZdpI4CkZ0RpG4MkwklQ8p8Ln_Hkzq_w7VK0SngCx1pU61nrVIMabXBBD-yQw&s
Om podi,SNACKS,PACKS,5,https://source.unsplash.com/200x200/?Om+podi,https://encrypted-tbn0.gstatic.com/images?q=tbn:ANd9GcTimml_czbz7dKMGBb0r8DC8I-ph5DnwvDEtv6tXjr-cTmQx1wB3_eKMLK9nOc&s
ORARITE MOUTH WASH 250ML,Other,,0,https://source.unsplash.com/200x200/?ORARITE+MOUTH+WASH+250ML,https://encrypted-tbn0.gstatic.com/images?q=tbn:ANd9GcQpj1oAmo_tq_9QyiOtPJIK3oMFx4amA1cAkTWu5xPEVxwSkFemRYZI35tfxw&s
ORBIT 150rs,CHOCOLATE,NUMBERS,150,https://source.unsplash.com/200x200/?ORBIT+150rs,https://encrypted-tbn0.gstatic.com/images?q=tbn:ANd9GcSrbWXvV6ZJg8-2ByJbOHKExWZkjAER-I7PynUF251QHvu8my08qihCMO408AQ&s
ORBIT 50rs,CHOCOLATE,NUMBERS,50,https://source.unsplash.com/200x200/?ORBIT+50rs,https://encrypted-tbn0.gstatic.com/images?q=tbn:ANd9GcT3GzCz0B0yq1VD1evT4YawoJhJrvY78Mad7NbuUQPx8aBv3b3iEHe65FgSpIY&s
Orbit gum 5,CHOCOLATE,,5,https://source.unsplash.com/200x200/?Orbit+gum+5,https://encrypted-tbn0.gstatic.com/images?q=tbn:ANd9GcR1-CJAOZmwByzpqd4BD64kID9_7rJa2L5dH2x5qRQNbe0C_v9JsFgeFy6sEgM&s
ORS powder 25rs,SELF CARE,PACKS,25,https://source.unsplash.com/200x200/?ORS+powder+25rs,https://encrypted-tbn0.gstatic.com/images?q=tbn:ANd9GcR3TrxD_-x2FVIwLe6oa9omRlGQFDXaOgj1iUDTNV5nvA46sutPnj85c8oqbA&s
Palgova sridairy Rs.86,SNACKS,PIECES,86,https://source.unsplash.com/200x200/?Palgova+sridairy+Rs.86,https://encrypted-tbn0.gstatic.com/images?q=tbn:ANd9GcRmpPDPDR-jNzzIS9dlQWe7mEFmi_9u9_wWHLaTLexU1gcZWc-sd_Q_4GN6X3E&s
Paper binder clip small,STATIONARY,NUMBERS,10,https://source.unsplash.com/200x200/?Paper+binder+clip+small,https://encrypted-tbn0.gstatic.com/images?q=tbn:ANd9GcQbd93YqeamQJtAXf_gx02Wg_-4Td_rcapZd2uKLyI2LssvXCOEI1oblTvkdQ&s
Parachoute coconut oil 200ml,SELF CARE,MILILITRE,105,https://source.unsplash.com/200x200/?Parachoute+coconut+oil+200ml,https://encrypted-tbn0.gstatic.com/images?q=tbn:ANd9GcS5RCtJC0hsYB6de2-BIWl0KHWtoZoFsnjovc2y_gt52Ud_KeLrKHVsYNLQvvs&s
Parle G 10rs,BISCUITS,PACKS,10,https://source.unsplash.com/200x200/?Parle+G+10rs,https://encrypted-tbn0.gstatic.com/images?q=tbn:ANd9GcTatHGJkO2Qg09UeX--d2qr0Vfa3r8tKBdfnNDuBHa_7K9gdslL7QUfK8KZr0Y&s
pen 6,STATIONARY,NUMBERS,10,https://source.unsplash.com/200x200/?pen+6,https://encrypted-tbn0.gstatic.com/images?q=tbn:ANd9GcRPC-A5oS939u7rsMR0JAgQzOTEUFOajAcKaJ0kcffoXHgITnImEzc18WjJnA&s
pen 7,Other,PIECES,0,https://source.unsplash.com/200x200/?pen+7,https://encrypted-tbn0.gstatic.com/images?q=tbn:ANd9GcRjsNk2eRRX9eRhmL8CHibYApee82GPK42u1wTDSNfMBrQAVv3MqBZ3URMga-8&s
pencil 7rs,STATIONARY,PIECES,7,https://source.unsplash.com/200x200/?pencil+7rs,https://encrypted-tbn0.gstatic.com/images?q=tbn:ANd9GcQrLW5bUpYIYLXniWLT8PgqOGJNykXKA4AJH3s2Zdepb-5fNJXbfKM-hRK1IA&s
pencil pouch 30rs,STATIONARY,NUMBERS,30,https://source.unsplash.com/200x200/?pencil+pouch+30rs,https://encrypted-tbn0.gstatic.com/images?q=tbn:ANd9GcQJlZhGW0DaQ7bkSl9UlLP6zn9Cd5o69J1kLrWDnHWnKxcanxcx3ctL3xJ_bg&s
pencil pouch 40rs,STATIONARY,NUMBERS,40,https://source.unsplash.com/200x200/?pencil+pouch+40rs,https://encrypted-tbn0.gstatic.com/images?q=tbn:ANd9GcRPvItkSfazzocDW3PgDugpM_lGdbkYe8EnGtDk2VXp6KVPuai_TsuzGTXz2JI&s
Pentonic 10rs,STATIONARY,PIECES,10,https://source.unsplash.com/200x200/?Pentonic+10rs,https://encrypted-tbn0.gstatic.com/images?q=tbn:ANd9GcSIzLes6WWeRSZoOoSP4X5z6hDMiTmKitNWyHkhdz3fYSNg5zN5v5ZRlT4SkA0&s
Pepper cashews,SNACKS,GRAMMES,110,https://source.unsplash.com/200x200/?Pepper+cashews,https://encrypted-tbn0.gstatic.com/images?q=tbn:ANd9GcQJtBeAoHBzKeWOU_u__IPO3553W_XVkZVqd0wTdLj26lYEDHaQZLPOKJxjHQ&s
Permanent maerker artline 20rs,STATIONARY,NUMBERS,20,https://source.unsplash.com/200x200/?Permanent+maerker+artline+20rs,https://encrypted-tbn0.gstatic.com/images?q=tbn:ANd9GcSxjOIG5vOWtukTHR5NLh4X9nXfydcdrHBf4MrZpQcbX_hpdVjT8GYiTbEcyNw&s
Pet jar 250ml,ROOM ESSENTIALS,PIECES,95,https://source.unsplash.com/200x200/?Pet+jar+250ml,https://encrypted-tbn0.gstatic.com/images?q=tbn:ANd9GcR2LXCtbn2gQuLqfb7qSiB67FgX_2GhsEIkP0JK5cdWSkveuG5O-qmkc1OAbSY&s
Pillow cover,ROOM ESSENTIALS,NUMBERS,55,https://source.unsplash.com/200x200/?Pillow+cover,https://encrypted-tbn0.gstatic.com/images?q=tbn:ANd9GcSyEMRmOZXcY9THK2bEDETx-buK11Gfgh4DG0rKacF9EazY-LWT6w9Sk6kzX6w&s
Pillow cover cotton 27x17,ROOM ESSENTIALS,PIECES,60,https://source.unsplash.com/200x200/?Pillow+cover+cotton+27x17,https://encrypted-tbn0.gstatic.com/images?q=tbn:ANd9GcT_iH_8FPefVh_VD3DlzKwtrE7hIHeEdna_WnB0LxkaeHEEW8mKuR88nMvplg&s
pilot pen 60rs,Other,,60,https://source.unsplash.com/200x200/?pilot+pen+60rs,https://encrypted-tbn0.gstatic.com/images?q=tbn:ANd9GcSq0vfZSi99BSq7QWzclMqVtqBDnH5qz0gqRMNnWwbeXIuRy24e5E5iH-SGww&s
Pilot refill 30rs,STATIONARY,PACKS,30,https://source.unsplash.com/200x200/?Pilot+refill+30rs,https://encrypted-tbn0.gstatic.com/images?q=tbn:ANd9GcRAw-TMj8f7qXmoq7RHtBZ3NvpKVASuRcwNK5lavHaNYkcdIXhgP7HePIIQ8WA&s
Pink Chart,STATIONARY,NUMBERS,10,https://source.unsplash.com/200x200/?Pink+Chart,https://encrypted-tbn0.gstatic.com/images?q=tbn:ANd9GcR2wdNbuWeyy4ksYItLrVb_bjUk-EPmXJ6hELjTIKjlLOnJAi3htghoBFIUUQ&s
Pistha 100gm,DRY FRUITS,PACKS,155,https://source.unsplash.com/200x200/?Pistha+100gm,https://encrypted-tbn0.gstatic.com/images?q=tbn:ANd9GcRuieberKKL6e5qf1dY0GZYCN3WrsprSgRpXXJcZXoQFB1YELUMyMzSxbpn-7A&s
Plum mix,DRY FRUITS,PACKS,280,https://source.unsplash.com/200x200/?Plum+mix,https://encrypted-tbn0.gstatic.com/images?q=tbn:ANd9GcSj0qn60trob_wWdZclPRyjP7I5tJ-ARnnHp7mpQy9wSzrVBHm5h1XNANGmzw&s
POCKET NOTE 10rs,NOTEBOOK,NUMBERS,10,https://source.unsplash.com/200x200/?POCKET+NOTE+10rs,https://encrypted-tbn0.gstatic.com/images?q=tbn:ANd9GcS5M6vd-lLZW1CkRdoP1WsV08sHDV6tFuq23iMRJAR-Bw-iIgbogQK4eRB4jCc&s
Practical Note 75/-,Other,,0,https://source.unsplash.com/200x200/?Practical+Note+75/-,https://encrypted-tbn0.gstatic.com/images?q=tbn:ANd9GcSONQKHDV_rfo9vQi1_1G74r5rnR_RhfyhjDnlPADJ-Sn_0FqqtW4SYQsh__0c&s
Premier tissue Rs.15,SELF CARE,,15,https://source.unsplash.com/200x200/?Premier+tissue+Rs.15,https://encrypted-tbn0.gstatic.com/images?q=tbn:ANd9GcSLY0KU3eZnb84efzY16N2M92Dm1NcjTY29Gl6IVSnuzXy49FEao8j4xihtJyQ&s
PREMIUM BAKE RUSK 50G 64PK,BISCUITS,PACKS,10,https://source.unsplash.com/200x200/?PREMIUM+BAKE+RUSK+50G+64PK,https://encrypted-tbn0.gstatic.com/images?q=tbn:ANd9GcSg5PV_lxn6HScQjQQ4vbWKbsshw7B7SzQg8z7FnsoSgwttxTLEsYuxOqhbqxI&s
Premium Hand kerchief colors 22x22,SELF CARE,NUMBERS,45,https://source.unsplash.com/200x200/?Premium+Hand+kerchief+colors+22x22,https://encrypted-tbn0.gstatic.com/images?q=tbn:ANd9GcT1h0XwjF3aNCIW3YoI17TrGeMBkVA4wDJw9E-FD6HyIz_l2jSmph1WP9IRFAw&s
Premium kerchief  24x24,SELF CARE,PIECES,55,https://source.unsplash.com/200x200/?Premium+kerchief++24x24,https://encrypted-tbn0.gstatic.com/images?q=tbn:ANd9GcThSXqyEfAD2uPEipQGY-mtCrd57miatteqO30dnhipAP7JHL5LgyWG_MYlV6o&s
PREMIUM KERCHIEF KNOTTED 22X22,SELF CARE,PIECES,55,https://source.unsplash.com/200x200/?PREMIUM+KERCHIEF+KNOTTED+22X22,https://encrypted-tbn0.gstatic.com/images?q=tbn:ANd9GcT1h0XwjF3aNCIW3YoI17TrGeMBkVA4wDJw9E-FD6HyIz_l2jSmph1WP9IRFAw&s
Premium white kerchief 22x22,SELF CARE,PIECES,45,https://source.unsplash.com/200x200/?Premium+white+kerchief+22x22,https://encrypted-tbn0.gstatic.com/images?q=tbn:ANd9GcR5A-t4FtR3pGS5Bw2zl8i1r6L7x-Kxwm8i1DMXIjlO_mbxUV4wmsdjpu0dgQ&s
Pringles Rs.125,SNACKS,BOTTLES,125,https://source.unsplash.com/200x200/?Pringles+Rs.125,https://encrypted-tbn0.gstatic.com/images?q=tbn:ANd9GcQuQDgUmxCF2d9ZxDiGhDXlmZVukT75PBrYrUoZKdbgIDyHHr06S3yOd_CR_0Y&s
Protection face mask,SELF CARE,PIECES,10,https://source.unsplash.com/200x200/?Protection+face+mask,https://encrypted-tbn0.gstatic.com/images?q=tbn:ANd9GcT9LE4VRTm-OHC2bJunhBAyi2b9xb5NpExvbcWGcYMKrPYbxkm5qYgPm04Gxg&s
Prunes 200gm,DRY FRUITS,GRAMMES,280,https://source.unsplash.com/200x200/?Prunes+200gm,https://encrypted-tbn0.gstatic.com/images?q=tbn:ANd9GcRM2MVsaX_IMzK1rBGqkoxdxym2Dh8IL7W684TROpUdK7bZ9KkH_HJX_g3TWA&s
Pumkin seed 100g,DRY FRUITS,GRAMMES,70,https://source.unsplash.com/200x200/?Pumkin+seed+100g,https://encrypted-tbn0.gstatic.com/images?q=tbn:ANd9GcS-1zT8i94SMOkmA6bJk7ksB0ETNAyJUtkigvGr8hT5y8IBs3NerkrAM35APQ&s
PURE MAGIC CHOCOLUSH 69G 60PK,CHOCOLATE,PACKS,40,https://source.unsplash.com/200x200/?PURE+MAGIC+CHOCOLUSH+69G+60PK,https://encrypted-tbn0.gstatic.com/images?q=tbn:ANd9GcSK52fQYLJthaLi8CDLotiM3xO_8Lmmid1Q-oJMqyvqTqufZuwXwGS1TLofSiw&s
Pure magic STARS 68.9G (620.1G) 72PK DISP,BISCUITS,PACKS,30,https://source.unsplash.com/200x200/?Pure+magic+STARS+68.9G+(620.1G)+72PK+DISP,https://encrypted-tbn0.gstatic.com/images?q=tbn:ANd9GcSgOmRPX8vCQl2t7UwT_vUpIBJ-WC8VWb-PAPZioZCxl1nb01P1dEy-LJo65Q&s
Raisins regular,DRY FRUITS,GRAMMES,68,https://source.unsplash.com/200x200/?Raisins+regular,https://encrypted-tbn0.gstatic.com/images?q=tbn:ANd9GcSgrBNQq6x3gMRTQVPFZtpx6QF-NcxlN6XmGnEllHjyAa1XLXPg4ytFBD2PBUc&s
Record notebook,STATIONARY,NUMBERS,65,https://source.unsplash.com/200x200/?Record+notebook,https://encrypted-tbn0.gstatic.com/images?q=tbn:ANd9GcSboLZGm_Ncn31rkFxZqwReLNEUt6wcq1Fqw1Z18g_LdIjS04wLNILJvk0mL7w&s
Rin soap,ROOM ESSENTIALS,PIECES,10,https://source.unsplash.com/200x200/?Rin+soap,https://encrypted-tbn0.gstatic.com/images?q=tbn:ANd9GcRfC2D52rHA5EBfbsS2BQQ2C1Md8fOZ1ulJpB3n2ObQ7xLg4Bt0fGmW8XHgKw&s
Ritebite 35g Rs.45,CHOCOLATE,NUMBERS,45,https://source.unsplash.com/200x200/?Ritebite+35g+Rs.45,https://encrypted-tbn0.gstatic.com/images?q=tbn:ANd9GcQv1i4dR_MHx-E71Ys06dXYiT5fgaA2Jhb9z4nyjYYkahoNO5h0MY8FzjpfQJg&s
Roasted cashew 100g,DRY FRUITS,PACKS,126,https://source.unsplash.com/200x200/?Roasted+cashew+100g,https://encrypted-tbn0.gstatic.com/images?q=tbn:ANd9GcTHag2laYAhQmI7D4_-GogpXb3r_xOnEEtF00DhLdJR8clvxdP97Z7rGE5H1A&s
Roller Pen,Other,,0,https://source.unsplash.com/200x200/?Roller+Pen,https://encrypted-tbn0.gstatic.com/images?q=tbn:ANd9GcRsfLmt89KACRH0QC9s1pn2SjA9eAqtIxyobOJOdAFZAIlafTQznpbEreJqCYs&s
Roller pen Rs.30,PENS,NUMBERS,30,https://source.unsplash.com/200x200/?Roller+pen+Rs.30,https://encrypted-tbn0.gstatic.com/images?q=tbn:ANd9GcRswuVf9QM09rIqf9aj9NMyzoCyUhLkgunMKTdW1awgWxwg6xJ1js-jVtr3iBg&s
Rolling comb ( Normal) Rs.50,SELF CARE,NUMBERS,50,https://source.unsplash.com/200x200/?Rolling+comb+(+Normal)+Rs.50,https://encrypted-tbn0.gstatic.com/images?q=tbn:ANd9GcQoVd-cGgBjOnzxLbli-H7OLOYkRWFDrOIvGDkEbACw-uiyvjS1vgEFg5w43g&s
Rolling comb Premium,SELF CARE,PIECES,100,https://source.unsplash.com/200x200/?Rolling+comb+Premium,https://encrypted-tbn0.gstatic.com/images?q=tbn:ANd9GcTqxhhxjKYQ9NEt6FWw-8cN5kmUnDZ1YPtemi7RaJLKobYa2ct2D2E1TCT8piU&s
Royal Rasgulla Rs.210,Other,,0,https://source.unsplash.com/200x200/?Royal+Rasgulla+Rs.210,https://encrypted-tbn0.gstatic.com/images?q=tbn:ANd9GcQqwFK9pC2Jy4F9R__Z0QErtDPOsaxTEfP71WDI0l7uNprsfFPcSgC_yCVuFWU&s
Santoor soap Rs.56,SELF CARE,NUMBERS,56,https://source.unsplash.com/200x200/?Santoor+soap+Rs.56,https://encrypted-tbn0.gstatic.com/images?q=tbn:ANd9GcTFpTa_wb9zDlCZqF2Co9X2u-igo4DIyV2G26PGrcpX94iAKki6l7Ok0sM75Q&s
Scale 15cm,STATIONARY,NUMBERS,5,https://source.unsplash.com/200x200/?Scale+15cm,https://encrypted-tbn0.gstatic.com/images?q=tbn:ANd9GcS2VP12fyWrEU2GTgS8pBm7gf9pXmMExKW-AOgedxSnXaAuKXdgMqPwlead-B4&s
Scale 30cm,STATIONARY,NUMBERS,12,https://source.unsplash.com/200x200/?Scale+30cm,https://encrypted-tbn0.gstatic.com/images?q=tbn:ANd9GcS8bh19WeCaNDK3lhWL-KXm3u6eXvYYVRc-AM8R_6WsZ9pD6ia7Y3NXpXr0vjE&s
Scientific Calculator CASIO ES plus,STATIONARY,NUMBERS,1475,https://source.unsplash.com/200x200/?Scientific+Calculator+CASIO+ES+plus,https://encrypted-tbn0.gstatic.com/images?q=tbn:ANd9GcTNBKbRAb8djIRgyv9yOqF1hXRQxdvxH1xoW0wZpnC6S0tt_IPfig0TG0XMZBw&s
Scissors ( Big ),STATIONARY,,0,https://source.unsplash.com/200x200/?Scissors+(+Big+),https://encrypted-tbn0.gstatic.com/images?q=tbn:ANd9GcT10kmAVJubYjUHFR8e8eao_mK2KXZjXntvOEzhkpBoHVoi_4A-Ef6USPyUpqI&s
Scissors ( medium ),STATIONARY,PIECES,80,https://source.unsplash.com/200x200/?Scissors+(+medium+),https://encrypted-tbn0.gstatic.com/images?q=tbn:ANd9GcTx9VhtX-dGxBB4l0hhaeVTKLGZrNccJyoz_vuIDb0NeD-K7QdGUV3jQ9uW59A&s
Scissors ( small ),STATIONARY,NUMBERS,50,https://source.unsplash.com/200x200/?Scissors+(+small+),https://encrypted-tbn0.gstatic.com/images?q=tbn:ANd9GcSIDcx8snb4HH2u9SE-QW84xnrHbUvi2FNYaE8scPXMV7lI2N3USImraC3XTi4&s
Scissors 208-140 mm,Other,,0,https://source.unsplash.com/200x200/?Scissors+208-140+mm,https://encrypted-tbn0.gstatic.com/images?q=tbn:ANd9GcS6GR8RIBArk0xv8_kbJFoJT5r6lH0fIhLKb4W0Mf8wUXVEy3dvdJM4K6DYkA&s
Scissors 210-175 mm,Other,,0,https://source.unsplash.com/200x200/?Scissors+210-175+mm,https://encrypted-tbn0.gstatic.com/images?q=tbn:ANd9GcT72uf1Da8kM93ZoVWCYU5tzoFGCgF9Xy1sXtgIO9boIShGHr4DBph8isyfog&s
scissors small 36rs,STATIONARY,NUMBERS,36,https://source.unsplash.com/200x200/?scissors+small+36rs,https://encrypted-tbn0.gstatic.com/images?q=tbn:ANd9GcThsGwz3T2BD53Sytv33xacq6L_jqLcsDGElxaydP1rX-Lul2Luz4iYryCGq64&s
Scribbling pad,NOTEBOOK,NUMBERS,20,https://source.unsplash.com/200x200/?Scribbling+pad,https://encrypted-tbn0.gstatic.com/images?q=tbn:ANd9GcQO0DtH1MVbhAUTmbgqslLP4XfPu6h-YG7RhgDlgR4Jdv4FZK_gwJU-HHtUYP8&s
Seed mix 200g,DRY FRUITS,PACKS,200,https://source.unsplash.com/200x200/?Seed+mix+200g,https://encrypted-tbn0.gstatic.com/images?q=tbn:ANd9GcQv6FxHVMdW7LCJDHXrljsGn23KXWxnhPbnn68fwHBGiQ4T7zep3b1H053TEYY&s
SENSOCURE SENSITIVE CARE 150GM,SELF CARE,PACKS,179,https://source.unsplash.com/200x200/?SENSOCURE+SENSITIVE+CARE+150GM,https://encrypted-tbn0.gstatic.com/images?q=tbn:ANd9GcTfWTwzKezilsu8n1KgUvGKye9RUgzY22hafOZsYn2h73AKJNVWCC2omxgR9Uw&s
Set wet gel Rs.50,SELF CARE,PIECES,50,https://source.unsplash.com/200x200/?Set+wet+gel+Rs.50,https://encrypted-tbn0.gstatic.com/images?q=tbn:ANd9GcRqTST2CobQIFdRVX6wh-SoTsSVR57iB7-JXBl8-NcQMs4Lp4GymuT3CNGb_A&s
sharpner,STATIONARY,PIECES,5,https://source.unsplash.com/200x200/?sharpner,https://encrypted-tbn0.gstatic.com/images?q=tbn:ANd9GcTlXjV0VlcYePyKiFjJWV1LyDOTCkpjXpDErkDfA42P02WawaU_Q_BqfehDEg&s
Shaving cream (godrej),Other,PACKS,27,https://source.unsplash.com/200x200/?Shaving+cream+(godrej),https://encrypted-tbn0.gstatic.com/images?q=tbn:ANd9GcTkvRVALYX_JmNyjAOl3qsVbCm1WqPz51ikE11rd-RhGWjqs2XyqY6uFmnWEgw&s
Shoe polish 135,SELF CARE,NUMBERS,135,https://source.unsplash.com/200x200/?Shoe+polish+135,https://encrypted-tbn0.gstatic.com/images?q=tbn:ANd9GcTSNEGTUFDZ5cuYcMaKJsEAg6W0DuaHEjks-utdqdSJI3-KFUkjGK6COZ0Kz6Y&s
Shoe polish 52,SELF CARE,NUMBERS,52,https://source.unsplash.com/200x200/?Shoe+polish+52,https://encrypted-tbn0.gstatic.com/images?q=tbn:ANd9GcTl5RX9Wt38wJPN5wnZoJ4J1DGvg9R0ELVTbnCLinvphwbFTwIh2kjwL505Jpo&s
Shree ram soan papdi 200g Rs.80,CHOCOLATE<> SNACKS,BOX,80,https://source.unsplash.com/200x200/?Shree+ram+soan+papdi+200g+Rs.80,https://encrypted-tbn0.gstatic.com/images?q=tbn:ANd9GcSUxZ_6LTFawL11IPeZBJFZ0-yI6sP5Y6JwZ2HQrGYIef7oTvHtj10kp8h8jcI&s
Slipper Rs.180,SELF CARE,PAIRS,180,https://source.unsplash.com/200x200/?Slipper+Rs.180,https://encrypted-tbn0.gstatic.com/images?q=tbn:ANd9GcRNDldVRj3D0l-awKmn7mZTW09kukgAA4NIDEcPrrGupyyD664_k-KGWKYQYg&s
SNICKERS ALMOND 70rs,CHOCOLATE,NUMBERS,70,https://source.unsplash.com/200x200/?SNICKERS+ALMOND+70rs,https://encrypted-tbn0.gstatic.com/images?q=tbn:ANd9GcSAvweLo1wNF6maDUZs4eeSmwzLcgT3NTYdam3ka8UHu0UMqZjjXB7Q1maSgg&s
SNICKERS BUTTERSCOTCH 35rs,CHOCOLATE,NUMBERS,70,https://source.unsplash.com/200x200/?SNICKERS+BUTTERSCOTCH+35rs,https://encrypted-tbn0.gstatic.com/images?q=tbn:ANd9GcRhDRDa7Uvi39nbuzEtqDMdGGS-YJyGXQc_vLgaQxPIq8epq7ZE8WiNRm2-WQ&s
Soap container,TOILETRIES,PIECES,45,https://source.unsplash.com/200x200/?Soap+container,https://encrypted-tbn0.gstatic.com/images?q=tbn:ANd9GcRWuesK4wyP77h40cgklHpWn5f_WkEJEt2LB4sHbhM2KIR2mA6DiPJaOtSGq4c&s
Spiral note book ( 4 subjects),NOTEBOOK,PIECES,145,https://source.unsplash.com/200x200/?Spiral+note+book+(+4+subjects),https://encrypted-tbn0.gstatic.com/images?q=tbn:ANd9GcSlHQcztnHeTUaXRhmIVSWH2nuwJRkhv3lwdvUqztIIJCvsB-SNPRIP5RrqXNE&s
spiral notebook 80rs,STATIONARY,NUMBERS,80,https://source.unsplash.com/200x200/?spiral+notebook+80rs,https://encrypted-tbn0.gstatic.com/images?q=tbn:ANd9GcTnQ_Njz6yTMfyWWBgBovm-eXAy6P4iyNyhfdsNrVX8Sdmf_xFEM0swwJ1laQ&s
Spiral notebook Rulled 160pgs,STATIONARY,PIECES,85,https://source.unsplash.com/200x200/?Spiral+notebook+Rulled+160pgs,https://encrypted-tbn0.gstatic.com/images?q=tbn:ANd9GcQRdCmDWz5LhnxOTMUU2cpc1T9XZEZO6N5LH9C0bPrIpmAtkLshfCHxs-N2Qg&s
spl.mix 100,DRY FRUITS,GRAMMES,135,https://source.unsplash.com/200x200/?spl.mix+100,https://encrypted-tbn0.gstatic.com/images?q=tbn:ANd9GcRpaPX9uIzAMuw6XNAVGiMx3hy1Fki39Rani4M5Hc-9rRBv7XGxxEovQ_wg1g&s
Spoon SS,ROOM ESSENTIALS,PIECES,30,https://source.unsplash.com/200x200/?Spoon+SS,https://encrypted-tbn0.gstatic.com/images?q=tbn:ANd9GcS0reGPY-nhGc0Ow-Kf_WO8RctgIE4m7-2N_UZ7iNrMvwaCmo55YckjxD1zjQ&s
Stapler ( Big ),STATIONARY,,0,https://source.unsplash.com/200x200/?Stapler+(+Big+),https://encrypted-tbn0.gstatic.com/images?q=tbn:ANd9GcSzF6gNGrTDI9bemAQyIgDhwRAKywqm4oqtgv6T8ThTZV9uw8FFdqu1AV_WJw&s
Stapler ( Medium ),STATIONARY,NUMBERS,68,https://source.unsplash.com/200x200/?Stapler+(+Medium+),https://encrypted-tbn0.gstatic.com/images?q=tbn:ANd9GcTxsCnwb6SbhmW5Op12utv0K2djYMLwAc-xj4yT03Xnorc-UQkUVF0TTMkyvSc&s
Stapler ( Small ),STATIONARY,,65,https://source.unsplash.com/200x200/?Stapler+(+Small+),https://encrypted-tbn0.gstatic.com/images?q=tbn:ANd9GcRE6rTKlOQ_dDNrKuzvsoY_5vKJyH93n189MV29OLor69aDCAiVpdeKOrzbTQ&s
Staplerpin,STATIONARY,BOX,12,https://source.unsplash.com/200x200/?Staplerpin,https://encrypted-tbn0.gstatic.com/images?q=tbn:ANd9GcRoCCI4gtvmmtXlsMjD7gWXT0lJcCtP-yozcMajSebHupnzlzcCwpxOPP7jkV4&s
Sterivon hand sanitizer 100ml,SELF CARE,BOTTLES,80,https://source.unsplash.com/200x200/?Sterivon+hand+sanitizer+100ml,https://encrypted-tbn0.gstatic.com/images?q=tbn:ANd9GcTQ_opTQ2y603xY_BtToFUq5smoQBx2Xj6K70UxCcaokfqB6waWhMHCh-dipw&s
Stick file,STATIONARY,NUMBERS,15,https://source.unsplash.com/200x200/?Stick+file,https://encrypted-tbn0.gstatic.com/images?q=tbn:ANd9GcQILJomO0W8h5N2IINaDake3PWkQeFRZUOIKsx294T-WbmSTJOPtAvCV0f_kQ&s
Stick pen,PENS,NUMBERS,5,https://source.unsplash.com/200x200/?Stick+pen,https://encrypted-tbn0.gstatic.com/images?q=tbn:ANd9GcStSCXDvrmnKmQan29-yLZ5d1yyLSOckWV2JNM-69fpkOqcOd_6YaFODhJVFQ&s
Sticky notes ( 4 colours),STATIONARY,PACKS,50,https://source.unsplash.com/200x200/?Sticky+notes+(+4+colours),https://encrypted-tbn0.gstatic.com/images?q=tbn:ANd9GcR5UtMzHCXuV-jgkMPjsdF5_-61C8TYAAIZCxxzuKcAT4YMLdz0HZzpFbLPvA&s
Suitcase lock,ROOM ESSENTIALS,NUMBERS,25,https://source.unsplash.com/200x200/?Suitcase+lock,https://encrypted-tbn0.gstatic.com/images?q=tbn:ANd9GcS23qvkkGnBwNjWuqV4ICIQa1_H02B3WSZ_VvH9udNaOUl5zzVMGS0n3jStFWU&s
Sunflower seed 100g,DRY FRUITS,GRAMMES,65,https://source.unsplash.com/200x200/?Sunflower+seed+100g,https://encrypted-tbn0.gstatic.com/images?q=tbn:ANd9GcSr6pcLSnrSVzAUj4r5XnkHGUNk9DPfbki4wtN_DOj65OPxVPLNgRe42jGljA&s
Sunflower seed 250gm,Other,PACKS,70,https://source.unsplash.com/200x200/?Sunflower+seed+250gm,https://encrypted-tbn0.gstatic.com/images?q=tbn:ANd9GcQxio8Ckq2bEytIYb0iyGdbI3i8TqSXO6xg34VJIVgQwGbjoN5X2sX9fKR4ay4&s
Sunsilk Shampoo Rs.1,SELF CARE,NUMBERS,1,https://source.unsplash.com/200x200/?Sunsilk+Shampoo+Rs.1,https://encrypted-tbn0.gstatic.com/images?q=tbn:ANd9GcSfRjB37iTXXaj7lAETW2QcWdu46VjysAtZEsb-w8K9ZyABxKw3S1_LTybUR7E&s
Surfexcel powder 10rs,TOILETRIES,PACKS,10,https://source.unsplash.com/200x200/?Surfexcel+powder+10rs,https://encrypted-tbn0.gstatic.com/images?q=tbn:ANd9GcSHlm4EZsyuC8W10Tvdh5-74kmM9MQFEWxPjBvyNKOfBo9FkCmi1rr4sTdHRg&s
SWIRLS CHARCOAL 100GM TOOTH PASTE,SELF CARE,GRAMMES,99,https://source.unsplash.com/200x200/?SWIRLS+CHARCOAL+100GM+TOOTH+PASTE,https://encrypted-tbn0.gstatic.com/images?q=tbn:ANd9GcSTx07drcTcO2eTggBCEIwd-VjCwi_jR4RGvXBWZUY-c9YddKRlckCTGPihdxg&s
SWIRLS HERBAL SHIELD 100GM,SELF CARE,PACKS,89,https://source.unsplash.com/200x200/?SWIRLS+HERBAL+SHIELD+100GM,https://encrypted-tbn0.gstatic.com/images?q=tbn:ANd9GcRy6DyDLD2p9hvnc7iALH8LlyxqFG0YT7V9yJeu4Cc1rcpM0__f9M9lG7uqmsc&s
swiss roll Rs.100,CHOCOLATE,PACKS,100,https://source.unsplash.com/200x200/?swiss+roll+Rs.100,https://encrypted-tbn0.gstatic.com/images?q=tbn:ANd9GcTUZKuN_hPRDeEtV3be0uHz1xzZpGxFKhRWcXFtSKbvrweYRJ-gio8nToMVAA&s
Thermal flask 1L,BOTTLES,BOTTLES,680,https://source.unsplash.com/200x200/?Thermal+flask+1L,https://encrypted-tbn0.gstatic.com/images?q=tbn:ANd9GcQZpj2_4ciarEb_BoZgXePjCxD3kogzIwZ08Wnvey8ubYTBikTorWY0jXtestg&s
Thick chart,STATIONARY,NUMBERS,20,https://source.unsplash.com/200x200/?Thick+chart,https://encrypted-tbn0.gstatic.com/images?q=tbn:ANd9GcRqBUMv5oe08XsU4JjStOtuM6O03_qag96e1HfOZm6_tZYAESvAtbNRCMdpoGQ&s
Tissue paper,TOILETRIES,PACKS,50,https://source.unsplash.com/200x200/?Tissue+paper,https://encrypted-tbn0.gstatic.com/images?q=tbn:ANd9GcS0HSGgF222k6WFw_YIQ1MYfVDQkLGuixZ6LuKsOaXlOKWLtU7ZEQ_ZDGc4nA&s
Tongue cleaner,SELF CARE,NUMBERS,10,https://source.unsplash.com/200x200/?Tongue+cleaner,https://encrypted-tbn0.gstatic.com/images?q=tbn:ANd9GcSK_YWbEGOxgqlCCuNWGNmwXWvnepUTvUtLRqSvx7iMReOeLFvQN9sGO98SqQ&s
TOO YUM 5rs,SNACKS,PACKS,5,https://source.unsplash.com/200x200/?TOO+YUM+5rs,https://encrypted-tbn0.gstatic.com/images?q=tbn:ANd9GcRrP00gr0jzqIHXMNKxqij6pqHMJNftLPEESUkqWRV4szCuSV32vVHXukajtho&s
Too Yum CREAM & ONION MRP 20,SNACKS,PACKS,20,https://source.unsplash.com/200x200/?Too+Yum+CREAM+&+ONION+MRP+20,https://encrypted-tbn0.gstatic.com/images?q=tbn:ANd9GcQFf_qOKEhIlFQWZZo5_2q_WI3sWMXVMzStAse-S-CuoR_HmTf5W7bDObIxMjg&s
Too Yum SPICY CHILLI MRP 20,SNACKS,PACKS,20,https://source.unsplash.com/200x200/?Too+Yum+SPICY+CHILLI+MRP+20,https://encrypted-tbn0.gstatic.com/images?q=tbn:ANd9GcSHTAH3J5sa4K9kM0khybvvvItCFaD5uj-8d9l0DKKsDX35SMnIh7LLmDC9WA&s
Tooth brush ( Colgate),TOILETRIES,PIECES,20,https://source.unsplash.com/200x200/?Tooth+brush+(+Colgate),https://encrypted-tbn0.gstatic.com/images?q=tbn:ANd9GcTuD8c7tPJNsAF9ASOcDjjDnlO5pufZnNFydEh9Y7UizkcAPQd6par-Tug9ag&s
Tooth Paste (Dabur Red),TOILETRIES,NUMBERS,10,https://source.unsplash.com/200x200/?Tooth+Paste+(Dabur+Red),https://encrypted-tbn0.gstatic.com/images?q=tbn:ANd9GcSsIZwzF22i8MT1uu8BpX9fAQ6BXIL2EYA6Sv6wXkb_-xJfX0pHvXPKVOLKMjc&s
Tooth paste colgate,SELF CARE,PACKS,10,https://source.unsplash.com/200x200/?Tooth+paste+colgate,https://encrypted-tbn0.gstatic.com/images?q=tbn:ANd9GcRQ5st_urOoTU7TuJJAMLHsNam6owS44KVdyGxMsb5jIwQI81UVSrRqctBqF0U&s
Toothpaste colgate 100g Rs.84,SELF CARE,NUMBERS,84,https://source.unsplash.com/200x200/?Toothpaste+colgate+100g+Rs.84,https://encrypted-tbn0.gstatic.com/images?q=tbn:ANd9GcSTO4xcNsnzFaqqb-ydw8rHoQHc51IUUMqKdwXBBs9eC9ggTpBB1VKDgXxpAQ&s
TREAT WAFERS CHOCO 31G 144PK,CHOCOLATE,PACKS,10,https://source.unsplash.com/200x200/?TREAT+WAFERS+CHOCO+31G+144PK,https://encrypted-tbn0.gstatic.com/images?q=tbn:ANd9GcSCORxfw9G5vSKY3gTgPvW_j4oAqvBI72-_MG3Tf8WiO8b0dJDmCnLMu67LfvM&s
TREAT WAFERS CHOCO 55G 60PK BOGO,BISCUITS<> CHOCOLATE,PACKS,50,https://source.unsplash.com/200x200/?TREAT+WAFERS+CHOCO+55G+60PK+BOGO,https://encrypted-tbn0.gstatic.com/images?q=tbn:ANd9GcQYZZzcwK6sOnoCcuFUR2aNsC3lQxN4arkBt3mvtHkjcDDTfvBfY_hhAaZqqhM&s
TREAT WAFERS ORANGE 55G 60PK BOGO,BISCUITS<> CHOCOLATE,PACKS,50,https://source.unsplash.com/200x200/?TREAT+WAFERS+ORANGE+55G+60PK+BOGO,https://encrypted-tbn0.gstatic.com/images?q=tbn:ANd9GcT0Viivv179k1pt5c6a0ct8gF9IVOYi9X69dMsMbS3MQl09xDRUev0jzc6Cbg&s
TRIMAX PEN,PENS,PACKS,60,https://source.unsplash.com/200x200/?TRIMAX+PEN,https://encrypted-tbn0.gstatic.com/images?q=tbn:ANd9GcRtb-rzdP89DCLE2HyptlKQ71FCV-OB-4KFriEvNHwgMaLJHe_StRzQl9_4fg&s
TRIMAX REFILL,PENS,PIECES,25,https://source.unsplash.com/200x200/?TRIMAX+REFILL,https://encrypted-tbn0.gstatic.com/images?q=tbn:ANd9GcRAgqjoxj-6iHJo481LcnxNB_u5JOAf3DegcEdMh3QBFAfVfLfYxy8j9cm5dw&s
Umbrella 2 fold,SELF CARE,NUMBERS,270,https://source.unsplash.com/200x200/?Umbrella+2+fold,https://encrypted-tbn0.gstatic.com/images?q=tbn:ANd9GcTJFSAbNA0Zs-WAUuux8TDNXwAEINZ0qyHi1MSLCq-761uhCm052djKhPuslw&s
Umbrella 3 fold,SELF CARE,NUMBERS,300,https://source.unsplash.com/200x200/?Umbrella+3+fold,https://encrypted-tbn0.gstatic.com/images?q=tbn:ANd9GcS7x8BPcK0vwlP2FbTPfCkuwrav3HPMILG7HV7dHGUS7owcT-2ti_eLB2qlPQ&s
Uncle Chips PS Rs.20,SNACKS,PACKS,20,https://source.unsplash.com/200x200/?Uncle+Chips+PS+Rs.20,https://encrypted-tbn0.gstatic.com/images?q=tbn:ANd9GcSUsbag942Oq0NgA1mrEM37QzkbH-VGc5YTgLGZx7yLgXtELhYFvvDsuSZU3g&s
Uncle Chips ST Rs.20,SNACKS,PACKS,20,https://source.unsplash.com/200x200/?Uncle+Chips+ST+Rs.20,https://encrypted-tbn0.gstatic.com/images?q=tbn:ANd9GcR2WoD8V5aAQ__K9uo442ELgBYIuxNp6f7p6StBj84JPB2BWii17a0jChqJDQ&s
V7 Pilot Pen,STATIONARY,NUMBERS,60,https://source.unsplash.com/200x200/?V7+Pilot+Pen,https://encrypted-tbn0.gstatic.com/images?q=tbn:ANd9GcS6BWj3T4JtDVppbvvAbEaP1--avy3pQNrY61Tywu66aO8PJWhzRNBZcjelhA&s
Vicks cough drops,CHOCOLATE,NUMBERS,2,https://source.unsplash.com/200x200/?Vicks+cough+drops,https://encrypted-tbn0.gstatic.com/images?q=tbn:ANd9GcRmEJDiN6zQKeL5mF-Zn0G2Lt1jVP1Q52ONL_wutuQVksaXo3kgIMK2JGD7ug&s
Vim 15,ROOM ESSENTIALS,NUMBERS,15,https://source.unsplash.com/200x200/?Vim+15,https://encrypted-tbn0.gstatic.com/images?q=tbn:ANd9GcSztxL7dJN7h0Q1DjcdKehxIE2yvIdT01ARt-vlOMmFMroaqFqD2vpZMCD6xl8&s
VINNER INHALER 45rs,SELF CARE,NUMBERS,45,https://source.unsplash.com/200x200/?VINNER+INHALER+45rs,https://encrypted-tbn0.gstatic.com/images?q=tbn:ANd9GcSINf2tK3kc-0G6NTBPHnRh14rj5zteZqP_B6MlsqyCf52QGAztNIx9wzRPRj8&s
Wall Hook,ROOM ESSENTIALS,PAIRS,15,https://source.unsplash.com/200x200/?Wall+Hook,https://encrypted-tbn0.gstatic.com/images?q=tbn:ANd9GcS1LDfRhhSNZghdYaE9Oh8Zj1c1p8nzEp8nsgjS5G33y4egvJkLJJsiShOp8gk&s
WALLET ALLEN SOLLY 550rs,SELF CARE,NUMBERS,550,https://source.unsplash.com/200x200/?WALLET+ALLEN+SOLLY+550rs,https://encrypted-tbn0.gstatic.com/images?q=tbn:ANd9GcQQUFmGu8_z72EC9PVBd5RJ98PfkKrt_a9bXPgsZvrCpRiCUmFrPt_VCYbjrQ&s
WALLET FERRAGAMO 635rs,SELF CARE,NUMBERS,635,https://source.unsplash.com/200x200/?WALLET+FERRAGAMO+635rs,https://encrypted-tbn0.gstatic.com/images?q=tbn:ANd9GcSf1ocpCRqUCjgrojAiPNLNuCMM-bAC7EBOFzYAYJXbnFmZzaWoUi9qCVrfoSY&s
WALLET WOODLANDS 585rs,SELF CARE,NUMBERS,585,https://source.unsplash.com/200x200/?WALLET+WOODLANDS+585rs,https://encrypted-tbn0.gstatic.com/images?q=tbn:ANd9GcSHfzXbjZVGzv2qBdTMKP1WF-TZWQrCrPkvdvi0-bDtFjjDhTIXNrYQKN2MAA&s
walnut 100g,DRY FRUITS,GRAMMES,210,https://source.unsplash.com/200x200/?walnut+100g,https://encrypted-tbn0.gstatic.com/images?q=tbn:ANd9GcQqaG-JDDgCHOu8JOLRoK7Gh0kaoQyVXOSOlW8PWJI-LG527xwke1A1c_PgPw&s
WATER BOTTLE 3IN1,BOTTLES,,380,https://source.unsplash.com/200x200/?WATER+BOTTLE+3IN1,https://encrypted-tbn0.gstatic.com/images?q=tbn:ANd9GcRVwc2EvBg_CpnJXKMcvpg0QCXZDKYhE3P5Dl_E0zzkgOxJl9gPE3YahwAcDA&s
Water bottle plain Med+ 130rs,BOTTLES,NUMBERS,130,https://source.unsplash.com/200x200/?Water+bottle+plain+Med++130rs,https://encrypted-tbn0.gstatic.com/images?q=tbn:ANd9GcTta6n26WZLiqfNEsWxELnfggbOxLE6BPTt9fpFFqBMSo6hcEKBJ3BCOmEQdRc&s
Water bottle printed 800ml,BOTTLES,NUMBERS,110,https://source.unsplash.com/200x200/?Water+bottle+printed+800ml,https://encrypted-tbn0.gstatic.com/images?q=tbn:ANd9GcRzsc2jBEZi8d3xILhPFmBGLaJPrk39nU7fI0knv5EAOIY9bsJ2HMfjmwHVNII&s
Water bottle Rs.50,BOTTLES,NUMBERS,50,https://source.unsplash.com/200x200/?Water+bottle+Rs.50,https://encrypted-tbn0.gstatic.com/images?q=tbn:ANd9GcSw7nnGaek4PQCChY_ip23BU_J_q1-HrGUXyIeGj0DJnareWfqpVNL45ZheZB0&s
Water bottle Rs.80,BOTTLES,PIECES,80,https://source.unsplash.com/200x200/?Water+bottle+Rs.80,https://encrypted-tbn0.gstatic.com/images?q=tbn:ANd9GcTp2H1hVUzoq5_AyCrQYs_oX5a5AWN-S8ogwYsjQ8DK-7oJftDoVUtLvXdj0g&s
water bottles ( Hot & cold 600ml ),BOTTLES,,600,https://source.unsplash.com/200x200/?water+bottles+(+Hot+&+cold+600ml+),https://encrypted-tbn0.gstatic.com/images?q=tbn:ANd9GcTnS9UecxSOM8rcfUXJi-h-CqyIzektQ5zT5NJkGdDPL0CxP8hzVw8hBuLcg58&s
Water bottles PLAIN,BOTTLES,NUMBERS,100,https://source.unsplash.com/200x200/?Water+bottles+PLAIN,https://encrypted-tbn0.gstatic.com/images?q=tbn:ANd9GcRDBqa0zWtqENie--f9NDgMl5WjmUNXpeU5lO-WHyNR-hQtcCaTX5Bn6YUMHVU&s
Water bottles PRINTED,BOTTLES,NUMBERS,150,https://source.unsplash.com/200x200/?Water+bottles+PRINTED,https://encrypted-tbn0.gstatic.com/images?q=tbn:ANd9GcS3P4uL09d4XZY0J0qeosjmajafXI3hUJ8CYP9Y591J-LFWkRU-pAJI6oYXow&s
Wet wipes,SELF CARE,PACKS,55,https://source.unsplash.com/200x200/?Wet+wipes,https://encrypted-tbn0.gstatic.com/images?q=tbn:ANd9GcRrNmH-2V3EiFDzyPp485nDODbzpNw2BFZyDEDlFT_dFojJWXaFAf48C5ECTA&s
Wet wipes (Novel 10 wipes),SELF CARE,NUMBERS,40,https://source.unsplash.com/200x200/?Wet+wipes+(Novel+10+wipes),https://encrypted-tbn0.gstatic.com/images?q=tbn:ANd9GcTUkriybEhIdED117jXd1dgHAI9eS4UJ2KcaHangn9mDsSNgAB_7napfHC2BXM&s
White Chart,STATIONARY,NUMBERS,10,https://source.unsplash.com/200x200/?White+Chart,https://encrypted-tbn0.gstatic.com/images?q=tbn:ANd9GcQIR2EIb0wKezTwfvnR9cHlELs8MLrASkQBPcpVsSJ3rVAZlQGyL6KrUCXJGlw&s
White Tape 1 inch,STATIONARY,NUMBERS,20,https://source.unsplash.com/200x200/?White+Tape+1+inch,https://encrypted-tbn0.gstatic.com/images?q=tbn:ANd9GcTTXEH_a5qRBnUG9En00xkgBn9mgpVOzfClW_Xya4rPdXTrLK4pTM9PYhHlXGU&s
Whitener,STATIONARY,NUMBERS,30,https://source.unsplash.com/200x200/?Whitener,https://encrypted-tbn0.gstatic.com/images?q=tbn:ANd9GcQCrUyrrvk7NaP9C4iryRqZJglinPhmSIo3kfopwJ3T7Uos3U9TSlMc4FxIqA&s
Whitener 10rs,STATIONARY,PIECES,10,https://source.unsplash.com/200x200/?Whitener+10rs,https://encrypted-tbn0.gstatic.com/images?q=tbn:ANd9GcTZiyw_nEItpuj49lZYm_nNDvR44AsB8dAaynCbnFQLQVmhQg1upzK4xDnEPg&s
WK LOVE BITE CHOCO MRP 20,CHOCOLATE,PACKS,20,https://source.unsplash.com/200x200/?WK+LOVE+BITE+CHOCO+MRP+20,https://encrypted-tbn0.gstatic.com/images?q=tbn:ANd9GcSlwxVNOxaLI2IcKz0HSqj7eh1r--aEBsom0CIz027oUYSVrDp31Iyw-TSrGzE&s
XO PEN,PENS,NUMBERS,10,https://source.unsplash.com/200x200/?XO+PEN,https://encrypted-tbn0.gstatic.com/images?q=tbn:ANd9GcRXciQgH6tIZDM0IRs11Sp5kt-4j1q-YIPdgwaX-y1KdGEJGQ_ZtLDWN7ZBeYY&s
XO Pen 20rs,STATIONARY,NUMBERS,20,https://source.unsplash.com/200x200/?XO+Pen+20rs,https://encrypted-tbn0.gstatic.com/images?q=tbn:ANd9GcQx7mflCUe0EOCf3xbI64c2iJScjWrA2v4vTHic-2eIU_sKyJI8j0j6Y5M13ao&s
Yardley soap Rs.80,SELF CARE,PIECES,80,https://source.unsplash.com/200x200/?Yardley+soap+Rs.80,https://encrypted-tbn0.gstatic.com/images?q=tbn:ANd9GcS3bxGcdmRsak3JFpvgiylwRL0vAgrB1MrGl1nvWL32oOj5a0FBhZXI1gZYyw&s
Yellow Chart,STATIONARY,NUMBERS,10,https://source.unsplash.com/200x200/?Yellow+Chart,https://encrypted-tbn0.gstatic.com/images?q=tbn:ANd9GcSQm4-wrsMopNUuXpiKuJbPul0tIyGkJaJ0-GPfF8AnBTPU-QPb1n38J3iUJWw&s
Yoga bar Rs.100,SNACKS,PIECES,100,https://source.unsplash.com/200x200/?Yoga+bar+Rs.100,https://encrypted-tbn0.gstatic.com/images?q=tbn:ANd9GcQEIR6CejJvRPpkgLUiAejb4evkcDLBkB3FbZQ5kKXj50oX_boGapBJbXZeyLs&s
Yoga bar Rs.50,SNACKS,NUMBERS,50,https://source.unsplash.com/200x200/?Yoga+bar+Rs.50,https://encrypted-tbn0.gstatic.com/images?q=tbn:ANd9GcSHKJY0YhgmfEjMKO4konABPg_Nquk7B7skIwaRdIDMAyTcOZf7SO1axtpKlmg&s
yoga bar Rs.60,SNACKS,NUMBERS,60,https://source.unsplash.com/200x200/?yoga+bar+Rs.60,https://encrypted-tbn0.gstatic.com/images?q=tbn:ANd9GcS9oKgUEm2c3Cdn4snTwpB6anNTAO2a0VqwczYQt0FrGsXw65rAOgtY5t_HJ_s&s
youva mini note pad,STATIONARY,NUMBERS,10,https://source.unsplash.com/200x200/?youva+mini+note+pad,https://encrypted-tbn0.gstatic.com/images?q=tbn:ANd9GcS_q5xnIBYT1ER5t6CfseEJ1JwWLRAtuXVoSPKNrDxYe6tsF5oCFp0OFBWskKY&s
youva mini note pad 20 pcs,Other,PACKS,0,https://source.unsplash.com/200x200/?youva+mini+note+pad+20+pcs,https://encrypted-tbn0.gstatic.com/images?q=tbn:ANd9GcS87iUy4tdkFPCpheWLJHxj58UIXHM6TMjyxLCxcRhMBGdSt_9At1RTnGRxww&s
